rno,Be_Effective,Immediate_Relief,Fix_Root_Cause,No_Side_Effect,Right_Price,Not_Too_Strong,Good_Brand,Easy_To_Find,Reduce_Gas,Protect_Stomach,Convenient_Dose,Long_Term_Effective,Good_Taste,Doc_Reccomend,Sustained_Relief,Flavours,Multiple_Forms,q14a1_1,edresp,occresp,medied,qlfn_2,qlfn_1,qlfn_3,cook_1,cook_2,cook_3,eatfreq,travel,daystrav,ailment1,ailment2,ailment3,ailment4,occcwe,edcwe,sec,mhi,ageresp,sexresp,edhw,workhw,lang_1,lang_2,anydr,chemist,family,expmedi,moub,cluster
1,5,5,5,5,5,4,5,5,5,5,5,5,5,5,5,4,5,9,5,57,2,51, , ,4, , ,8,2, ,97, , , ,57,5,B2,3, , ,5,1,2, ,2,3,1,25,9,1
2,4,3,5,5,4,5, ,2,3,4,3,4,3,4,3,2,3,9,3,68,2,38, , ,2,4, ,4,2, ,97, , , ,50,1,E2,3,35,2,1,3,12, ,2,3,1,25,10,2
3,5,5,5,5,5,4,4,4,4,5,5,5,5,5,5,5,5,3,4,52,2,1, , ,2,4, ,8,2, ,97, , , ,49,4,D,4,30,1,4,3,2,13,2,3,2,500,1,2
4,5,5,5,5,5,5,4,3,5,5,4,4,5,4,5,3,4, ,1,68,2,52, , ,4,B, ,7,2, ,2,27, , ,52,6,A2,3,23,2,1,3,2, ,2,3,1,200,10,2
5,5,5,5, ,5, ,5, ,5, ,3,3,2,2,5,5,3,1,3,69,2,7, , ,4, , ,9,2, ,97, , , ,52,3,C,3, ,1,4,3,2,12,2,3,1,50,10,1
6,5,3,5,3,4,4,3,4,4,5,3,4,4,3,4,4,5,2,4,51,2,1, , ,4, , ,6,1,4,97, , , ,51,6,B2,4,42,1,6,3,1,2,2,3,1,50,1,4
7,5,5,5,5,5,4,5,5,5,5,4,5,5,5,5,1,5,1,4,68,2,1, , ,4, , ,9,2, ,97, , , ,65,6,B1,5, , ,4,3,2, ,2,3,1,50,1,3
8,2,3,4,3,4,3,4,5,5,4,5,5,5,4,4,5,5,8,3,50,2,8, , ,2,4, ,2,1,4,97, , , ,50,3,D,3,35,1,1,3,2, ,2,3,2,200,12,4
9,5,4,5,5,5,3,3,5,5,4,3,4,4,5,5,3,4,1,2,69,2,47, , ,5, , ,8,2, ,97, , , ,57,6,B1,4, ,2,4,3,2, ,2,3,1,200,1,0
10,5,4,5,5,5,5,5,5,5,5,5,4,2,3,5,5,5,19,6,52,1,17, , ,4, , ,9,2, ,97, , , ,52,6,A2,4, , ,4,3,2,12,2,3,1,500,13,1
11,5,5,5,5,5,4,3,5,5,4,4,5,4,2,5, ,4,10,7,66,1,50, , ,4, , ,4,2, ,97, , , ,67,6,A1,6,31,1,7,1,1,2,2,3,1,300,1,0
12,5,5,5,5,4,3,5,5,5,4,3,5,4,5,5,4,3,9,4,68,2,1, , ,4, , ,9,2, ,3, , , ,57,6,B1,5, , ,3,3,2, ,2,3,1,200,1,1
13,5,5,5,5,5,5,4,4,3,5,3,5,3,3,4,5,3,1,3,52,2,8, , ,4, , ,8,2, ,97, , , ,52,4,B2,4, , ,1,3,2, ,2,3,1,300,1,2
14,5,4,5,5,5,5,4,5,4,5,5,5,5,4,5,3,3,9,7,67,1,30,50, ,B, , ,7,1,5,2, , , ,54,4,B1,5, , ,3,3,2, ,2,3,3,300,9,3
15,5,4,5,4,5,5,5,4,5,3,5,5,5, , , , , ,6,52,2,30, , ,4, , ,8,2, ,97, , , ,53,5,A2,3,30,1,6,3,12, ,2,3,3,100, ,1
16,5,5,5,5,5,3,5,5,5,5,5,5,2,3,5,1,4,1,7,67,1,27, , ,1, , ,8,2, ,15, , , ,67,7,A1,4,38,2,6,3,6, ,2,3,1,100,12,3
17,5,5,5,5,5,5,5,4,5,5,2,5,4,5,5,4,4,1,4,52,2,1, , ,4, , ,4,2, ,97, , , ,52,4,B2,5, , ,4,1,2, ,2,3,2,50,7,1
18,5,5,5,5,5,3,3,3,3,3,3,5,4,4,4,5,5,1,1,68,2,99, , ,4, , ,9,2, ,2, , , ,50,6,B2,3, ,1,1,3,2, ,2,3,1,150,1,2
19,5,5,5,5,5,3,5,5,5,5,5,5,5,4,5,4,5,1,4,52,2,22, , ,4, , ,8,2, ,97, , , ,52,4,B2,5,40,1,4,3,2, ,2,3,2,100,1,1
20,5,4,5,5,5,4,4,4,5,5,5,4,5,5,5,4,4,1,4,69,2,1, , ,4, , ,9,2, ,97, , , ,49,3,E1,5,19,2,3,3,2, ,2,3,2,100,1,1
21,5,5,5,5,5,4,4,4,4,4,4,5,4,4,4,4,4,1,1,68,2,1, , ,4, , ,9,2, ,97, , , ,49,3,E1,3,60,2,1,3,2, ,2,3,1,25,1,2
22,5,5,5,5,4,3,3,3,4,2,2,5,3,4,4,5,5,1,3,68,2,38, , ,4, , ,9,2, ,97, , , ,51,3,D,3, ,2,1,3,2, ,2,3,1,150,1,2
23,5,5,5,5,5,3,3,3,3,3,3,5,4,5,5,4,4,1,3,68,2,8, , ,4, , ,9,2, ,97, , , ,49,3,E1,4,20,2,1,1,2, ,2,3,1,200,10,2
24,5,5,5,5,3,3,3,3, , ,1,2,3, ,3,5,5,1,4,50,2,1, , ,4, , ,9,2, ,97, , , ,51,3,D,3, ,1,4,3,2, ,2,3,1,151,10,2
25,5,5,5,5,5,3,3,5,3,3,3,5,5,3,5,5,5,1,4,69,2,9, , ,4, , ,9,2, ,97, , , ,49,4,D,3,18,2,1,3,2, ,2,3,3,75,9,2
26,5,5,5,5,5,5,5,2,5,5,2,5,4,5,5,4,4,1,4,52,2,1, , ,4, , ,6,2, ,97, , , ,52,4,B2,5, , ,4,1,2, ,2,3,1,20,1,2
27,5,5,5,5,5,5,4,2,5,5,2,5,4,5,5,4,4,1,5,54,2,1, , ,4, , ,3,2, ,97, , , ,54,5,A2,6, , ,5,1,2, ,2,3,1,50,1,2
28,3,4,3,2,3,4,3,4,3,4,3,4,4,3,2,3,4,9,3,51,2,38, , ,1,4, ,9,2, ,97, , , ,51,3,D,3,38,1,1,3,2, ,2,3,1,200, ,4
29,5,5, ,5,5,5,5,5,5,5,4,4,5,4,5,3,4,1,4,69,2,1, , ,3,4, ,7,1,1,97, , , ,52,6,A2,5, , ,2,3,2, ,2,3,1,200,8,3
30,5,5,5,5,5,5,5,2,5,5,2,5, ,5,5,4,4,1,6,52,2,30, , ,4, , ,9,2, ,97, , , ,52,6,A2,5, , ,6,1,2, ,2,3,3,100,1,2
31,5,5,5,5,5,4,4,4,3,3,3,5,4,3,5,4,4,1,3,68,2,38, , ,4, , ,9,2, ,2, , , ,51,3,D,3, ,1,3,3,2, ,2,3,1,100,1,2
32,5,5,5,5,5,4,4,4,4,4,4,4,5,4,5,4,4,1,1,68,2,99, , ,4, , ,9,2, ,97, , , ,49,3,E1,3,60,2,1,3,2, ,2,3,2,100, ,2
33,4,5,4,5,4,3,3,5,5,4,5,5,5,5,5,5,4,1,4,49,2,4, , ,4, , ,7,1,1,97, , , ,49,1,E2,4,21,2,1,3,2, ,2,3,1,3000,1,0
34,5,5,5,5,5,1,1,3,3,3,3,3,3, ,3,3,4,1,6,57,2,30,5, ,4, , ,9,2, ,97, , , ,55,7,A1,5, , ,6,1,2, ,2,3,1,300,1,2
35,5,5,5,5,5,4,4,4,4,4,4,4,4,3,5,5,5,1,3,68,2,38, , ,4, , ,9,2, ,97, , , ,51,3,D,3,45,2,3,3,2, ,2,3,1,100,1,2
36,5,5,5,5,5,5,5,5,5,5,5,5,5,5,5,5,5,1,3,68,2,4, , ,4, , ,8,2, ,97, , , ,65,6,B1,4, , ,3,3,2, ,2,3,2,200,1,1
37,5,4,4,5,5,4,5,5,5,5,5,4,5,5,4,2,3,1,6,50,2,30, , ,4, , ,9,2, ,97, , , ,50,6,B2,3, , ,1,3,2, ,2,3,1,50,9,3
38,5,5,5,5,5,3,4,5,4,4,5,3,5,3,5,5,4,1,1,51,2,99, , ,4, , ,9,2, ,97, , , ,53,4,B1,4, , ,1,2,2, ,2,3,1,200,1,2
39,5,4,3,5,2,5,5,3, ,1,4,5,3,5,3,5,3,1,4,49,2,1, , ,4, , ,1,2, ,97, , , ,65,6,B1,10,40,1,6,1,2, ,2,3,1,100,10,4
40,5,5,5,5,1,1,5,3,4,3,3,5,3,3,5,5,4,1,1,68,2,99, , ,4, , ,9,2, ,1,2, , ,49,1,E2,3,40,2,1,3,2, ,2,3,1,100,1,2
41,5,5,5,5,5,3,4,4,4,3,3,3,5,4,4,4,4,1,1,68,9,99, , ,4, , ,9,2, ,97, , , ,49,3,E1,3, ,1,1,3,2, ,2,3,1,50,1,2
42,5,5,5,5,5,4,4,4,4,4,4,4,4,4,4,4,4,1,4,50,2,1, , ,4, , ,9,2, ,97, , , ,52,4,B2,3,25,1,6,1,2, ,2,3,1,25,1,2
43,5,5,5,5,5,4,4,5,5,4,4,4,4,4,5,5,5,1,8,68,2,99, , ,4, , ,9,2, ,97, , , ,57,6,B1,3, ,1,4,3,2, ,2,3,1,100,1,1
44,4,3,4,3,5,5,5,4,3,4,4,4,5,3,2,4,4,1,1,68,2,99, , ,2,3, ,4,1,3,2, , , ,66,6,A2,5, , ,1,3,2, ,2,3,1,400,1,4
45,5,5,5,5,3,3,3,3,3,3,3,3,3,3,5,3,3,1,4,68,2,1, , ,4, , ,9,2, ,97, , , ,54,5,A2,5, , ,4,3,2, ,2,3,1,200,1,2
46,5,5,5,5,5,3,4,5,5,4,2,5,4, ,2,5,4,2,4,52,13,1, , ,4, , ,9,2, ,97, , , ,52,6,A2,4,51,1,3,3,2,11,2,3,1,300,1,0
47,5,3,3,5,5,5,4,5,4,2,3,2,3,5,5,3,2,1,3,70,10,99, , ,4, , ,9,1,4,97, , , ,57,2,D,4,30,2,3,3,2,12,2,3,1,50,9,4
48,5,5,5,5,4,4,4,5,4,4,3,3,3,5,4,4,5,1,4,69,1,8, , ,1, , ,7,2, ,97, , , ,54,6,A1,8,25,2,6,3,2, ,2,3,1,50, ,2
49,5,5,5,5,5,5,4,3,4,4,4,5,4,3,4,3,4,1,4,57,2,9, , ,A, , ,7,2, ,97, , , ,65,6,B1,8,46,2,4,1,2, ,2,3,1,200,1,2
50,5,5,5,5,5,3,3,3,3,3,3,3,3,3,3,3,3,1,6,68,2,10, , ,4, , ,9,2, ,97, , , ,66,7,A2,5, , ,6,3,2, ,2,3,1,500,1,2
51,5,5,5,1,3,3,2,2,3,1,1,1,1,3,3,3,3,1,6,68,2,30, , ,B, , ,9,2, ,97, , , ,56,7,A1,5, , ,6,3,2, ,1,1,1,200,2,4
52,5,5,5,5,5,4,4,4,5,3,3,4,5,4,4,2,4,1,2,69,2,47, , ,4, , ,9,2, ,28, , , ,52,6,A2,4, ,1,3,3,2, ,2,3,1,200,10,3
53,5,5,5,5,5,5,5,5,5,5,5,4,5,4,5,4,5,1,2,51,1,33, , ,4, , ,8,2, ,97, , , ,50,4,C,3, ,2,3,3,2,11,2,3,1,300,1,1
54,5,4,5,3,4,4,3,4,5,4,5,3,4,4,3,4,3,10,1,68,2,99, , ,4, , ,8,2, ,97, , , ,65,6,B1,4, , ,1,3,2, ,1,3,1,200,10,4
55,5,5,5,5,5,3,3,3,3,3,3,3,3,3,3,3,3,1,6,53,2,30, , ,4, , ,9,2, ,97, , , ,53,6,A2,4, , ,4,3,2, ,2,3,1,300,1,2
56,5,5,5,5,5,3,3,3,3,3,3,3,3,3,5,4,4,1,1,70,2,99, , ,4, , ,9,2, ,97, , , ,49,3,E1,3,60,2,4,3,2,4,2,3,3,100,1,2
57,5,5,4,5,5,4,4,3,4,4,4,3,4,5,5,3,4,9,6,66,2,10, , ,1, , ,9,2, ,97, , , ,66,6,A2,4,32,1,3,3,2, ,2,3,1,200,1,2
58,5,5,5,5,5,5,5,5,5,5,5,5,5,5,5,4,5,1,6,66,2,22, , ,4, , ,6,2, ,97, , , ,67,6,A1,7,43,1,4,3,2, ,2,3,1,30,1,1
59,5,5,4,4,5,4,3,4,4,5,4,5,3,4,5,5,4,1,6,57,2,30, , ,4, , ,7,2, ,97, , , ,67,6,A1,4, , ,6,3,2, ,2,3,3,100,1,2
60,5,5,5,5,5,5,5,2,5,5,2,5,4,5,5,4,4,1,6,52,2,17, , ,4, , ,5,1,2,97, , , ,66,6,A2,5, , ,6,1,1,2,2,3,1,50,1,2
61,5,5,5,5,5,5,5,5,5,5,5,5,5,5,5,5,5,2,6,68,2,30, , ,4, , ,8,2, ,97, , , ,57,6,B1,4, , ,6,3,2, ,2,3,1,150,2,1
62,5, ,4,5,5,5,3,5,5,5,5,5,5,5,5,1,4,1,4,52,1,9, , ,4,B, ,1,1,23,97, , , ,52,4,B2,3, ,1,6,3,2, ,2,3,1,500,1,3
63,5,5,5,5,5,5,5,5,5,5,5,5,3,4,3,1,5,1,6,57,1,11,5, ,4, , ,9,2, ,97, , , ,65,6,B1,6, , ,7,1,1,2,2,3,1,100,9,3
64,5,5,5,5,5,4,5,5,5,4,3,5,5,5,5,3,4,1,1,49,2,99, , ,K, , ,9,1,1,97, , , ,49,1,E2,3,50,2,1,3,2, ,2,3,3,200,1,3
65,5,5,5,5,5,5,5,5,5,5,5,5,5,5,5,4,5,1,3,50,2,4, , ,2,4, ,9,2, ,97, , , ,52,4,B2,4, , ,1,3,2, ,2,3,1,200,10,1
66,5,4,5,5,5,3,4,5,5,5,5,5,5,4,4,5,4,1,6,68,1,30, , ,1,4, ,7,2, ,97, , , ,67,6,A1,6, , ,6,3,5, ,2,3,3,80,12,0
67,5,5,5,5,4,4,4,4,4,4,4,4,4,3,4,4,4,1,6,54,2,10, , ,B, , ,9,2, ,97, , , ,54,6,A1,5, , ,6,1,12, ,2,3,1,200,1,2
68,5,5,4,5,5,3,5,3,4,5,4,4,5,4,5,1,4,1,7,67,1,50, , ,1, , ,4,2, ,97, , , ,67,7,A1,10,29,1,5,3,2, ,2,3,3,400,4,2
69,2,3,4,3,2,3,4,5,5,4,3,2,3,2,3,4,4,8,4,68,2,1, , ,1,2,3,4,1,4,97, , , ,52,6,A2,5, , ,4,3,2, ,2,3,1,400,8,4
70,5,4,3,5,5,3,4,5,5,5,5,5,4,3,3,4,3,12,6,52,2,10, , ,8, , ,7,1,2,97, , , ,52,6,A2,5, , ,3,3,2, ,2,3,3,60,8,4
71,5,4,5,5,5,4,5,5,4,4,5,5,5,5,5,5,5,1,5,65,2,51, , ,4, , ,7,1,2,97, , , ,65,5,B2,3, , ,3,3,2, ,2,3,1,50,12,1
72,5,5,5,5,5,5,5,5,5,5,4,5,5,4,5,4,5,8,3,50,2,7, , ,3,4, ,2,1,1,99,7, , ,52,4,B2,3, , ,1,3,2, ,2,3,1,200,8,1
73,5,5,5,5,5,5,5,5,5,5,5,5,5,5,5,5,5,1,6,67,1,30, , ,A, , ,8,2, ,97, , , ,67,6,A1,6,35,1,4,3,2, ,2,3,1, ,1,1
74,5,5,5,5,5,5,5,4,5,5,5,5,5,4,5,4,5,1,6,57,2,10, , ,4, , ,6,2, ,97, , , ,57,6,B1,5,35,1,3,3,2, ,2,3,3,50,13,1
75,5,5,5,5,5,5,5,5,5,5,5,5,1,4,5,3,3,1,1,68,99,99, , ,4, , ,8,2, ,2, , , ,50,3,D,3,18,2,1,3,5, ,2,3,1,200,1,3
76,5,5,5,5,5,5,5,5,5,5,5,5,5,5,5,5,5,11,4,69,3,44, , ,4, , ,4,2, ,99, , , ,52,6,A2,3, ,1,4,3,5, ,2,3,1,400,3,1
77,5,5,5,5,4,5,5,5,5,5,5,5,5,5,5,5,5,2,6,68,3,13, , ,1,3,4,8,2, ,2, , , ,65,4,C,4,42,2,6,2,5, ,2,3,1,250,13,1
78,5,5,5,5,5,5,5,5,5,5,5,5,5,5,5,5,5,6,6,65,3,11, , ,4, , ,6,2, ,3, , , ,67,6,A1,5,45,2,6,1,5, ,2,3,1,600,1,1
79,5,5,5,5,5,5,5,5,5,5,5,5,5,5,5,5,1,1,4,57,3,18, , ,4, , ,8,2, ,2,3, , ,51,6,B2,3,40,2,4,2,5, ,2,3,1,50,1,1
80,5,5,3,5,5,5,3,5,5,5,5,5,2,4,5,1,1,1,6,68,1,30, , ,1, , ,3,2, ,99, , , ,67,6,A1,5,60,2,6,3,5, ,2,3,1,200,12,3
81,4,5,4,5,4,5,2,5,5,3,5,5,3,2,5,2,4,1,4,68,3,1, , ,4, , ,8,2, ,99, , , ,57,6,B1,5,39,2,4,3,5, ,2,3,1,450,1,0
82,5,5,5,5,5,5,5,5,5,5,5,5,5,5,5,2,5,1,6,52,3,30, , ,4, , ,6,2, ,99, , , ,52,6,A2,3,45,1,6,2,5, ,2,3,1,250,2,3
83,5,5,5,5,5,5,5,5,5,5,5,5,5,5,5,5,5,8,2,90,3,47, , ,4, , ,4,2, ,99, , , ,50,3,D,4,42,2,2,3,5, ,2,3,1,200,8,1
84,5,5,5,5,5,5,5,5,5,5,5,5,5,5,5,5,3,1,6,51,3,10, , ,4, , ,7,2, ,99, , , ,66,6,A2,5,28,1,3,1,5, ,1,3,2,150,1,1
85,5,5,5,5,5,5,5,5,5,5,5,5,5,5,5,5,5,2,4,68,3,9, , ,4, , ,8,2, ,99, , , ,57,6,B1,3,40,2,4,3,5, ,1,3,1,200,3,1
86,5,5,5,5,5,5,5,5,5,3,5,5,1,5,5,2,2,1,6,66,3,30, , ,4, , ,8,2, ,4, , , ,66,6,A2,3,62,1,2,3,5, ,2,3,1,50,1,3
87,5,5,5,5,5,5,5,5,5,5,5,5,5,5,5,5,5,1,4,90,3,2, , ,4, , ,4,2, ,99, , , ,57,6,B1,3,32,2,4,3,5, ,2,3,1,20,12,1
88,5,5,5,5,5,5,5,5,5,5,5,5,4,4,5,3,3,1,3,68,3,4, , ,4, , ,8,2, ,99, , , ,65,3,C,3,37,2,3,3,5, ,2,3,2,50,1,3
89,5,5,5,5,5,5,5,5,5,5,5,5,5,3,5,5,2,2,5,53,1,9, , ,4, , ,7,2, ,99, , , ,53,6,A2,9, ,1,5,1,1,2,2,3,1,300,6,1
90,5,5,5,5,5,5,5,5,5,5,5,5,2,2,5,2,2,2,4,57,3,6, , ,4, , ,8,2, ,1,2, , ,65,4,C,4,75,1,3,3,5, ,2,3,3, ,6,3
91,5,5,5,4,4,4,5,5,4,5,5,5,4,5,5,4,4,13,3,70,3,7, , ,1,4, ,8,2, ,4, , , ,50,6,B2,6,62,2,3,3,5, ,2,3,3,500,12,1
92,5,5,5,5,5,5,3,5,5,5,5,5,5,3,5,5,5,1,6,70,3,30, , ,4, , ,2,2, ,99, , , ,54,5,A2,5,20,2,6,3,5, ,2,3,1,200,2,0
93,5,5,5,5,5,5,5,5,5,5,5,5,4,5,5,1,5,2,6,70,3,30, , ,4, , ,8,2, ,4, , , ,66,6,A2,5,20,2,6,1,5, ,2,3,2,50,12,3
94,5,5,5,5,5,3,5,5,5,5,3,5,5,5,5,5,1,12,6,68,3,30, , ,4, , ,2,2, ,99, , , ,67,4,B1,5,22,2,6,3,5, ,2,3,1,3000,12,1
95,5,5,5,5,5,5,5,5,5,5,5,5,5,5,5,5,5,4,6,90,3,77, , ,4, , ,8,2, ,99, , , ,54,6,A1,4,36,2,6,3,5, ,2,3,1,300,1,1
96,5,5,5,5,5,5,5,5,5,5,5,5,5,5,5,4,4,2,6,68,3,10, , ,1,4, ,7,2, ,99, , , ,65,6,B1,3, ,2,6,3,5, ,2,3,1,200,2,1
97,5,5,5,5,5,5,5,5,5,5,5,5,5,5,5,2,5,1,6,68,3,30, , ,4, , ,8,2, ,99, , , ,56,7,A1,3,48,2,6,3,5, ,1,3,1,150,12,3
98,5,5,5,5,5,5,5,5,5,5,5,5,5,5,5,4,4,6,4,68,3,97, , ,4, , ,8,2, ,2,4, , ,57,6,B1,4,39,2,4,3,5, ,2,3,1,300,10,1
99,5,5,5,5,5,5,5,5,5,5,5,5,5,5,5,5,4,1,3,53,3,7, , ,4, , ,8,1,1,2, , , ,50,5,C,3,68,2,3,3,5, ,2,3,1,150,12,1
100,5,5,5,5,5,5,5,5,5,5,5,5,3,5,5,5,5,2,4,68,3,1, , ,4, , ,8,2, ,99, , , ,65,6,B1,4,30,2,4,3,5, ,2,3,1,200,2,1
101,5,5,5,5,5,5,5,5,5,5,5,5,4,5,5,1,5,1,1,68,99,97, , ,4, , ,8,2, ,99, , , ,49,4,D,3,38,2,1,3,2, ,2,3,1,50,12,3
102,5,5,5,4,5,2,4,5,5,5,5,5,5,5,5,4,5,1,4,68,3,9, , ,4, , ,8,2, ,4, , , ,52,4,B2,4,33,2,4,3,5, ,2,3,3,250,1,0
103,5,5,5,5,5,5,5,5,5,5,5,5,3,3,3,2,5,1,4,67,3,1, , ,4, , ,8,2, ,4, , , ,67,4,B1,6,56,2,3,3,5, ,2,3,1,100,2,3
104,5,5,5,5,5,5,5,5,5,5,5,5,5,5,5,5,4,1,6,67,2,10, , ,1, , ,7,2, ,99, , , ,67,6,A1,4,38,1,3,3,5, ,1,3,1,200,13,1
105,5,5,5,5,5,4,2,4,5,3,4,5,3,2,5,1,4,1,3,68,3,8, , ,4, , ,8,2, ,4, , , ,50,3,D,4,55,2,3,3,5, ,2,3,1, ,1,0
106,5,5,5,5,5,5,5,5,5,4,4,4,2,3,5,4,4,1,6,56,3,10, , ,4, , ,8,2, ,99, , , ,56,6,A2,4,46,1,5,3,5, ,2,3,1, ,6,1
107,5,5,5,5,5,5,5,5,5,5,5,5,5,5,5,5,5,1,5,65,2,30, , ,4, , ,3,2, ,99, , , ,65,5,B2,3,40,1,2,3,5, ,2,3,3,200, ,1
108,5,5,5,5,4,5,4,5,4,5,4,5,5,5,5,5,2,2,6,68,3,30, , ,4, , ,8,2, ,4, , , ,67,6,A1,4,32,2,6,3,5, ,2,3,2,200,6,1
109,5,5,5,5,5,5,5,5,5,5,4,5,5,3,5,5,5,1,3,69,3,45, , ,4, , ,8,2, ,99, , , ,51,1,E2,3, ,2,1,3,5, ,2,3,1,50,1,1
110,5,5,5,5,5,5,5,5,5,5,5,5,5,3,5,2,3,1,1,68,99,97, , ,4, , ,8,2, ,2, , , ,51,2,D,3,50,2,1,2,5, ,2,3,1,25,1,3
111,5,5,5,5,5,5,5,5,5,5,5,5,2,5,5,2,5,1,4,52,7,1, , ,1, , ,7,2, ,99, , , ,52,4,B2,4,50,1,6,3,4, ,2,3,1,25,3,3
112,4,5,5,5,5,5,4,5,5,5,5,5,5,3,5,5,5,11,3,49,3,1, , ,1, , ,8,2, ,99, , , ,51,1,E2,4,20,1,1,3,5,10,2,3,1,100,12,1
113,5,5,5,4,5,4,2,5,5,3,5,5,4,4,5,3,4,2,3,68,3,45, , ,4, , ,8,2, ,4, , , ,57,4,C,4,60,2,3,3,5, ,2,3,2, ,2,0
114,5,5,5,5,5,3,2,5,5,3,4,4,3,2,5,3,4,2,4,68,3,1, , ,4, , ,8,2, ,4, , , ,57,4,C,3,35,2,4,3,5, ,2,3,2,50,4,0
115,5,5,4,5,5,5,2,5,4,3,4,5,5,2,5,1,4,1,4,68,3,9, , ,8, , ,2,2, ,20,4, , ,52,6,A2,4,42,2,6,3,5, ,2,3,3,500,12,0
116,5,5,5,5,5,5,4,5,5,5,5,5,5,5,5,5,5,1,3,50,3,7, , ,4, , ,8,2, ,99, , , ,50,3,D,3,35,1,3,3,5, ,2,3,1,100,1,1
117,5,5,5,5,5,5,4,5,5,5,5,5,5,4,5,2,5,2,4,68,3,9, , ,1,4, ,4,2, ,99, , , ,57,4,C,3,27,2,4,3,5, ,2,3,1,100,2,3
118,5,5,5,4,5,5,4,4,5,4,4,4,4,4,5,2,4,2,2,53,3,47, , ,4, , ,7,2, ,99, , , ,49,3,E1,3,60,2,2,3,5, ,2,3,1,200,2,3
119,5,5,5,5,5,5,5,5,5,5,5,5,2,5,5,2,5,5,6,56,3,30, , ,4, , ,8,1,7,2, , , ,57,4,C,3,48,1,4,1,5, ,2,3,2,200,5,3
120,5,5,5,4,5,5,5,5,5,5,5,5,4,5,5,1,1,6,6,68,3,10, , ,4, , ,7,2, ,99, , , ,67,6,A1,6,46,2,6,3,5, ,2,3,1,300,9,3
121,5,5,5,4,5,4,3,5,5,3,5,5,4,4,5,2,2,1,3,68,3,4, , ,1, , ,8,2, ,2,4, , ,52,3,C,4,45,2,3,3,5, ,2,3,2,400,12,0
122,5,5,5,5,5,5,5,5,5,5,5,5,5,3,5,1,3,2,2,50,3,42, , ,4, , ,8,2, ,99, , , ,50,2,E1,3,42,2,2,2,5, ,2,3,1,200,2,3
123,5,5,5,5,5,5,5,5,5,5,5,5,2,2,5,2,5,8,4,69,1,9, , ,1, , ,5,2, ,5, , , ,67,7,A1,8,20,1,4,3,5, ,2,3,1,100,9,3
124,5,5,5,5,5,4,2,5,4,3,5,5,5,2,3,2,4,1,6,56,3,30, , ,4, , ,8,2, ,99, , , ,56,6,A2,3,31,2,3,3,5, ,2,3,1,200,12,0
125,5,5,5,5,5,3,5,5,5,5,5,5,2,4,5,1,1,1,3,68,2,45, , ,4, , ,8,2, ,99, , , ,52,4,B2,3,30,2,3,3,2,5,2,3,1,50,1,3
126,5,5,5,5,5,5,5,5,5,5,5,5,4,5,5,4,5,2,4,56,3,6, , ,4, , ,8,2, ,2, , , ,56,4,B2,4,59,1,4,3,5, ,2,3,1,500,12,1
127,5,5,5,5,5,5,5,4,5,4,5,2,1,5,5,1,5,1,3,50,2,1, , ,4, , ,1,1,1,99, , , ,57,6,B1,3,28,2,3,3,5, ,2,3,1,50,1,3
128,5,5,5,5,4,5,5,5,5,5,5,5,4,5,5,1,4,1,6,68,3,30, , ,1,4, ,7,2, ,99, , , ,66,7,A2,5,28,2,6,3,5, ,2,3,3,1000,12,3
129,5,5,4,5,5,5,4,2,2,5,2,5,5,1,5,1,1,3,6,65,3,10, , ,4, , ,1,1,22,99, , , ,57,6,B1,4,30,1,1,3,5, ,2,3,1,700,6,2
130,5,5,5,5,5,5,2,5,5,4,5,5,4,3,5,3,4,4,6,56,3,30, , ,4, , ,8,2, ,99, , , ,56,6,A2,3,45,2,6,1,5, ,2,3,1,100,3,0
131,5,5,5,5,5,5,5,5,5,5,5,5,5,5,5,5,5,1,6,68,3,77, , ,4, , ,7,2, ,99, , , ,56,6,A2,3,32,2,6,3,5, ,2,3,1,50,1,1
132,5,5,5,4,5,5,2,5,5,5,5,5,5,5,5,2,2,1,3,68,3,7, , ,4, , ,9,2, ,99, , , ,50,4,C,4,43,2,3,3,5, ,2,3,1,25,1,0
133,5,5,5,5,5,5,5,5,5,5,5,5,5,5,5,3,2,2,3,68,3,4, , ,4, , ,8,2, ,99, , , ,56,7,A1,6,75,2,3,3,5, ,2,3,2,100,2,3
134,5,5,5,4,5,5,5,5,5,5,5,5,5,5,5,2,2,12,7,67,3,30,5, ,4, , ,8,2, ,3, , , ,65,6,B1,4,60,1,6,1,5, ,2,3,2,150,12,3
135,5,5,5,5,5,5,5,5,5,5,5,5,5,5,5,4,5,2,2,70,3,47, , ,4, , ,9,2, ,99, , , ,66,5,B1,4,78,2,4,3,5, ,2,3,2,400,2,1
136,5,5,5,5,5,5,5,5,5,5,4,5,4,4,5,4,5,2,4,57,3,99, , ,1,4, ,1,2, ,99, , , ,57,4,C,5,42,1,3,3,5, ,2,3,1,700,2,1
137,5,5,5,5,3,5,5,5,5,5,5,5,5,5,5,5,4,2,6,68,3,30, , ,1, , ,7,2, ,99, , , ,67,7,A1,8,48,2,6,3,5, ,2,3,1,200,12,1
138,5,5,5,5,5,5,4,4,5,5,5,5,5,5,5,4,1,1,7,57,1,21, , ,2, , ,8,2, ,97,1, , ,57,7,B1,7, , ,6,1,1,2,2,3,2,100,12,1
139,4,5,5,5,5,5,5,5,5,5,4,5,5,5,5,4,5,2,6,68,6,99, , ,1, , ,9,2, ,97, , , ,52,5,B1,4, , ,6,3,15, ,2,3,3,100,1,1
140,5,5,5,5,5,5,4,5,5,5,5,5,5,5,5,4,5,1,5,66,1,99, , ,2,3, ,4,2, ,97, , , ,52,6,A2,4,30,1,4,3,3,15,1,1,3,400,1,1
141,5,5,5,5,5,5,5,5,5,5,5,5,5,5,5,5,3,2,4,65,6,99, , ,2, , ,4,2, ,97, , , ,55,4,A2,3,38,1,4,1,3, ,2,3,1,250,7,1
142,5,5,5,5,5,5,4,5,5,2,5,5,5,5,5,5,5,7,6,65,6,10, , ,2, , ,1,1,8,97, , , ,65,6,B1,4, , ,4,3,3, ,2,3,1,100,7,1
143,5,5,5,5,5,5,5,5,5,5,2,5,5,5,5,2,5,1,5,68,2,22, , ,4, , ,7,2, ,97, , , ,66,6,A2,6, , ,5,3,2, ,2,3,1,100,12,3
144,5,5,5,5,5,5,5,5,5,5,5,5,5,5,5,5,5,7,3,68,7,99, , ,2, , ,7,2, ,97, , , ,54,3,B2,3, , ,3,3,4, ,2,3,1,100,7,1
145,5,5,5,5,5,5,5,5,5,5,4,5,4,5,5,5,5,1,4,50,6,99, , ,1, , ,7,1,2,97, , , ,50,4,C,4, , ,1,3,3, ,2,3,3,300,1,1
146,5,5,5,5,5,5,5,5,5,5,2,5,4,5,5,2,5,10,4,68,6,99, , ,1, , ,7,2, ,2, , , ,57,6,B1,6,38,2,4,3,3, ,2,3,2,500,12,3
147,5,5,5,5,5,5,5,5,5,5,5,5,5,5,5,5,5,1,3,68,2,99, , ,2, , ,7,2, ,2, , , ,66,6,A2,5, , ,3,3,2, ,2,3,1,100,1,1
148,5,5,5,5,5,5,5,5,5,5,4,4,5,5,5,5,5,1,6,51,1,30, , ,1, , ,7,2, ,97, , , ,67,6,A1,5,38,2,6,1,1,2,2,3,1,100,7,1
149,5,5,5,5,5,2,5,5,5,5,5,5,5,5,5,5,5,8,5,50,6,99, , ,2, , ,3,2, ,97, , , ,50,5,C,6,42,1,4,3,3, ,2,3,2,300,8,1
150,5,5,5,5,5,5,5,5,5,5,5,5,5,5,5,5,5,8,3,49,11,99, , ,5, , ,9,2, ,97, , , ,49,3,E1,4, , ,3,3,8, ,2,3,1,300,8,1
151,5,5,5,5,5,5,5,5,5,4,4,5,5,5,5,2,4,12,4,68,6,99, , ,2, , ,9,2, ,2, , , ,57,6,B1,6,67,2,6,3,3, ,2,3,2,150,12,3
152,5,5,5,5,5,5,5,5,5,5,5,5,5,5,5,5,5,10,4,68,1,99, , ,2, , ,4,1,4,97, , , ,52,6,A2,5,25,2,4,3,2,4,2,3,1,200,8,1
153,5,5,5,5,5,5,5,5,5, ,5,5,5,5,5,4,5, ,2,68,7,99, , ,2, , ,9,2, ,1,2,3, ,52,4,B2,4,75,2,2,3,4, ,2,3,2,200,12,1
154,5,5,5,5,5,5,5,5,5,5,5,5,5,4,5,1,5,12,2,68,7,99, , ,1, , ,7,2, ,97, , , ,67,7,A1,9,62,2,2,3,4, ,2,3,3,100,13,3
155,4,4,4,4,5,5,5,5,5,5,5,5,5,5,4,2,1,8,2,68,7,99, , ,G, , ,9,2, ,97, , , ,53,6,A2,3,40,2,2,3,2,4,2,3,2,30,8,4
156,5,5,5,5,4,4,4,5,5,5,5,4,4,5,5,4,4,11,3,69,6,99, , ,2, , ,7,2, ,54, , , ,66,4,B2,5, ,1,4,3,3, ,2,3,1,300,10,1
157,5,5,5,5,5,5,5,5,5,5,5,5,5,5,5,5,5,1,6,57,7,21, , ,2, , ,7,1,1,97, , , ,57,6,B1,4,42,1,6,3,4, ,2,3,1,150,8,1
158,5,5,5,5,5,5,5,5,5,5,5,5,5,5,5,5,5,1,4,50,6,99, , ,2, , ,7,2, ,97, , , ,66,7,A2,4,56,1,3,3,3, ,2,3,1,400,13,1
159,5,5,5,4,4,5,2,5,5,2,5,5,5,5,5,4,4,1,6,57,2,21, , ,2, , ,4,2, ,97, , , ,57,6,B1,6,26,1,2,3,2, ,2,3,3,400,1,0
160,5,4,5,5,5,4,5,5,4,4,5,5,4,5,5,2,4,9,6,57,7,22, , ,2, , ,8,2, ,97, , , ,66,7,A2,7,66,2,6,3,3, ,2,3,1,300,10,3
161,5,5,4,5,4,4,5,5,4,5,5,5,4,5,5,2,5,1,6,57,6,22, , ,1, , ,8,2, ,97, , , ,66,7,A2,7,25,2,4,1,3, ,2,3,3,900,1,3
162,5,5,5,5,5,5,5,5,5,5,5,5,2,5,5,2,4,8,3,68,8,99, , ,5, , ,9,2, ,2, , , ,66,6,A2,8, , ,3,3,8,16,2,3,2,100,8,3
163,5,4,5,4,3,4,5,5,5,5,4,5,4,4,5,1,4,1,6,67,1,22, , ,2, , ,9,2, ,97, , , ,67,6,A1,5,37,1,4,3,1,15,2,3,2,150,1,3
164,5,4,5,5,5,5,5,5,5,5,4,5,5,5,5,5,5,2,4,68,1,99, , ,1, , ,7,2, ,2, , , ,57,6,B1,4,44,2,4,3,1,6,2,3,1,500,2,1
165,5,5,5,5,4,3,5,5,5, ,5,5,5,5,5,4,5,1,4,69,1,99, , ,2, , ,7,2, ,97, , , ,66,6,A2,5, ,2,4,3,1,3,2,3,1,200,1,1
166,5,5,5,5,5,5,5,5,5,5,4,5,5,5,5,5,5,11,8,90,99,99, , ,2, , ,9,2, ,97, , , ,50,4,C,5, ,1,2,3,3, ,2,3,2,300,2,1
167,5,5,5,5,5,2,5,5,5, ,4,5,5,5,5, ,5,8,3,68,6,99, , ,2, , ,7,2, ,97, , , ,49,3,E1,3,30,2,3,3,3, ,2,3,1,100,8,1
168,5,5,5,5,5,5,5,5,5,5,5,5,5,5,5,5,5,1,4,68,7,99, , ,2, , ,8,2, ,97, , , ,57,4,C,4,35,2,4,3,1,4,2,3,2,100,7,1
169,5,5,5,5,5,5,5,5,5,5,5,5,5,5,5,5,5,1,6,54,7,21, , ,2, , ,6,2, ,97, , , ,55,4,A2,10, , ,5,3,4, ,2,3,3,100,8,1
170,5,5,5,5,5,5,5,5,5,5,5,2,4,5,2,5,5,1,6,68,12,1, , ,2, , ,7,2, ,97, , , ,65,4,C,5,34,2,6,3,4, ,2,3,1,400,12,1
171,5,5,5,5,5,4,5,5,5,5,4,5,4,5,5,2,2,9,6,66,1,21, , ,2, , ,9,2, ,97, , , ,67,6,A1,7, , ,4,3,9, ,2,3,1,100,8,3
172,5,5,5,5,2,2,4,5,5,5,2,5,2,4,4,2,4,1,7,67,1,20, , ,1, , ,8,2, ,97, , , ,67,7,A1,10,40,1,6,3,5, ,2,3,1,200,12,0
173,5,5,5,5,5,5,5,5,5,5,5,5,5,5,5,5,5,9,4,68,6,99, , ,1, , ,9,2, ,2, , , ,66,6,A2,4, , ,4,3,3, ,2,3,1,100,9,1
174,5,5,5,5,5,5,5,5,5,5,1,5,5,5,5,4,5,2,4,68,6,99, , ,1, , ,9,2, ,97, , , ,57,4,C,5,28,2,4,3,3, ,2,3,1,100,2,1
175,5,5,5,5,5,4,5,5,5,5,5,2,5,5,5,5,5,1,7,67,2,21, , ,1, , ,4,2, ,97, , , ,67,7,A1,7,35,1,6,3,2, ,2,3,1,100,8,1
176,4,4,4,4,4,4,4,4,4,4,5,5,4,4,4,4,4,7,4,68,6,99, , ,2, , ,9,2, ,97, , , ,50,4,C,3, , ,4,3,3, ,2,3,1,100,7,4
177,4,4,4,4,4,5,5,4,5,4,4,4,4,4,4,4,4,1,4,68,1,20, , ,2, , ,9,2, ,97, , , ,50,4,C,3, , ,4,3,3, ,2,3,1,200,1,4
178,5,5,5,5,5,4,5,5,5,5,5,5,5,5,5,5,5,8,5,69,1,99, , ,2, , ,7,2, ,97, , , ,65,6,B1,6, , ,4,3,3, ,2,3,1,400,8,1
179,5,5,5,4,5,5,2,5,5,5,5,5,5,4,5,4,5,8,1,68,99,99, , ,2, , ,9,2, ,97, , , ,50,4,C,5,72,2,6,3,3, ,2,3,2,200,8,0
180,5,5,4,5,5,5,5,5,5,5,5,2,4,4,1,4,5, ,4,68,6,99, , ,2, , ,9,2, ,97, , , ,65,4,C,3,64,2,4,3,3, ,2,3,1,700,13,4
181,5,5,5,5,5,5,5,5,5,5,5,5,5,5,5,5,5,1,4,49,6,99, , ,2, , ,1,2, ,97, , , ,49,4,D,3,33,1,3,3,3, ,2,3,1,200,1,1
182,5,5,5,5,5,5,5,5,5,5,5,5,5,5,5,5,5,1,4,51,1,99, , ,1, , ,7,1,1,2,3,5, ,51,4,C,4,54,1,4,3,1,2,2,3,1,300,1,1
183,5,5,5,5,2,5,4,5,5,2,5,2,2,2,5,4,5,1,5,69,1,99, , ,1, , ,8,2, ,55, , , ,67,7,A1,9,19,2,7,1,1,2,2,3,1,250,8,0
184,5,5,5,5,5,5,5,5,5,5,5,4,5,5,5,5,5,2,4,68,8,99, , ,5, , ,7,2, ,97, , , ,51,4,C,8,50,2,4,3,1,2,2,3,3,300,2,1
185,4,4,4,4,4,4,4,5,5,4,4,4,5,5,5,5,5,7,4,57,6,99, , ,1, , ,9,2, ,97, , , ,57,4,C,4, , ,3,3,3, ,2,3,1,100,10,4
186,5,5,5,5,5,5,5,5,5,5,5,5,5,5,5,4,4,2,4,68,6,99, , ,2, , ,9,2, ,97, , , ,50,4,C,6,50,2,4,3,3, ,2,3,2,450,10,1
187,5,5,5,5,5,5,5,5,5,5,5,5,5,5,5,5,5,1,4,50,6,99, , ,1, , ,7,1,2,97, , , ,65,3,C,5,41,1,3,3,3, ,2,1,2,500,1,1
188,5,5,5,5,5,4,5,5,5,5,5,5,5,5,5,5,5, ,3,69,1,99, , ,2, , ,9,2, ,97, , , ,53,6,A2,7, ,2,3,3,2, ,2,3,1,50,9,1
189,5,5,5,5,5,5,5,5,5,4,5,5,5,5,5,4,4,1,5,69,1,99, , ,1, , ,2,2, ,97, , , ,67,7,A1,7,21,1,4,3,9, ,2,3,1, ,2,1
190,5,5,5,5,4,5,5,5,5,5,5,5,4,4,5,5,5,10,4,68,6,99, , ,2, , ,8,1,1,2, , , ,66,4,B2,4,34,2,4,3,3, ,2,3,1,100,9,1
191,5,5,5,5,5,5,5,5,5,5,5,5,5,5,5,5,5,6,4,57,6,99, , ,1, , ,7,2, ,97, , , ,50,4,C,3,34,1,3,3,3, ,2,3,1, ,12,1
192,5,5,5,5,4,5,5,4,5,5,4,5,4,5,5,5,4,7,4,57,6,99, , ,2, , ,9,2, ,97, , , ,57,4,C,4,42,1,3,3,3, ,2,3,1,500,7,1
193,5,5,5,5,5,5,5,5,5,5,5,5,5,5,5,2,4,6,6,54,1,20, , ,1, , ,6,2, ,2, , , ,51,6,B2,8,44,1,6,1,13, ,2,3,1,100,12,3
194,5,4,5,5,5,5,5,5,5,5,5,5,4,5,5,2,5,10,3,68,6,99, , ,2, , ,8,2, ,97, , , ,65,6,B1,5,58,2,3,3,3, ,2,3,1,100,2,3
195,5,5,5,5,5,5,5,5,5,5,4,5,4,5,5,5,5,6,4,69,1,99, , ,2, , ,8,1,1,97, , , ,57,3,D,4, ,1,3,3,4, ,2,3,1,500,7,1
196,5,5,5,5,5,5,5,5,5,5,5,5,5,5,5,5,5,9,5,52,6,99, , ,2, , ,6,2, ,2, , , ,52,5,B1,5,58,1,6,3,2,3,2,3,1,300,12,1
197,5,5,5,5,5,5,5,5,5,5,5,5,5,5,5,5,5,1,4,69,1,99, , ,2, , ,9,2, ,97, , , ,67,6,A1,6,18,2,4,3,3, ,2,3,1, ,1,1
198,5,5,5,5,5,5,5,5,5,5,5,4,4,5,4,4,5,10,4,57,7,99, , ,2, , ,9,2, ,2, , , ,65,4,C,4,68,1,4,3,2,4,2,3,3,400,12,1
199,5,5,5,5,5,5,4,5,5,5,5,5,4,5,5,2,5,1,6,68,3,22, , ,1,4, ,8,2, ,56, , , ,66,6,A2,8,31,2,6,3,1,2,2,3,1,300,1,3
200,5,5,5,5,5,5,5,5,5,4,5,5,5,5,5,4,3,8,4,57,1,99, , ,2, , ,8,2, ,97, , , ,57,5,B2,4,64,1,3,3,8, ,2,3,1,100,8,1
201,5,5,5,5,5,5,4,5,5,5,4,5,5,5,5,5,5,9,3,68,2,99, , ,2, , ,5,2, ,2, , , ,52,4,B2,4, , ,3,3,26, ,2,3,1,200,10,1
202,5,5,5,5,5,2,5,5,5,5,5,5,2,5,5,3,5,1,6,68,1,22, , ,5, , ,7,2, ,16, , , ,67,5,A2,6,38,2,6,3,1,2,2,3,1,500,8,3
203,5,5,5,5,5,5,5,5,5, ,5,5,5,5,5,5,5,10,4,70,6,99, , ,6, , ,7,2, ,97, , , ,57,3,D,3,31,1,3,3,2,3,2,3,1,300,10,1
204,5,4,5,5,5,5,4,5,5,5,5,5,4,5,5,5,5,11,6,66,6,22, , ,1, , ,8,2, ,1,2,3, ,66,6,A2,4,60,1,3,3,3, ,1,3,1,1100,1,1
205,4,4,4,4,4,4,4,4,4,4,4,4,4,4,4,4,4,1,4,57,6,99, , ,2, , ,8,1,1,97, , , ,57,4,C,5,58,1,4,3,3, ,2,3,2,50,10,4
206,5,5,5,5,4,5,5,5,5,5,4,5,5,4,5,4,5,2,6,68,1,20, , ,2, , ,7,2, ,97, , , ,54,4,B1,6,20,1,4,3,11, ,2,3,1,300,2,1
207,5,5,5,5,5,4,5,5,5,5,5,5,4,5, ,4,4,1,1,68,99,99, , ,1, , ,9,2, ,97, , , ,50,4,C,3,66,2,1,3,6,7,2,3,1,300,7,1
208,5,5,5,5,4,4,5,5,5,5,5,5,4,5,5,4,3,1,4,57,1,99, , ,1, , ,8,2, ,97, , , ,67,4,B1,5,69,1,4,3,1,6,2,3,1,200,1,1
209,5,5,5,5,5,5,5,5,5,5,5,4,5,4,4,2,5,2,4,70,1,99, , ,1, , ,7,1,2,97, , , ,49,2,E2,3, ,1,2,2,6, ,2,3,1,10,2,3
210,5,5,4,5,5,5,5,5,5,5,5,5,5,4,5,4,5,2,3,70,1,99, , ,2, , ,6,1,1,97, , , ,54,4,B1,5, ,1,6,3,1,6,1,3,2,100,2,1
211,5,5,5,5,5,5,5,5,5,5,5,5,5,5,5,5,5,9,4,70,10,99, , ,1, , ,9,2, ,97, , , ,56,4,B2,3,23,1,3,3,6,7,2,3,1,30,6,1
212,5,5,5,5,5,5,5,5,5,5,5,5,5,5,5,5,5,1,1,68,99,99, , ,1, , ,9,2, ,97, , , ,49,4,D,3,28,2,1,3,6, ,2,3,1,100,1,1
213,5,5,4,5,5,5,5,5,5,5,4,5,5,5,5,5,5,1,6,57,1,10, , ,1, , ,7,2, ,97, , , ,57,6,B1,6,40,1,4,3,6,7,2,3,2,400,7,1
214,5,5,5,5,5,2,5,5,5,5,5,5,4,5,5,4,5,1,4,65,9,99, , ,2, , ,9,2, ,97, , , ,65,4,C,5,49,1,4,3,1,6,2,3,1,100,2,1
215,4,4,4,4,4,2,4,4,3,4,4,4,4,4,4,4,4,1,5,57,1,51, , ,1, , ,8,2, ,4, , , ,57,5,B2,5,55,1,5,1,6, ,2,3,1,500,12,4
216,5,5,3,5,5,4,4,5,5,4,4,4,4,5,5,4,4,4,4,68,10,99, , ,1, , ,8,2, ,4, , , ,54,5,A2,4,52,2,4,3,6, ,2,3,1,300,1,1
217,5,5,5,5,5,5,5,5,5,5,5,5,5,5,5,5,5,6,3,50,3,1, , ,A, , ,8,1,1,1,2, , ,50,3,D,3,22,1,3,2,6,7,2,3,1,300,6,1
218,5,5,5,5,4,4,5,5,5,5,5,5,4,5,5,4,5,1,4,56,10,99, , ,1, , ,9,2, ,97, , , ,51,3,D,3,21,1,4,3,6,9,2,3,1,500,13,1
219,5,5,5,5,5,5,5,5,5,5,5,5,5,5,5,5,5,1,3,68,99,99, , ,2, , ,8,2, ,97, , , ,57,4,C,3,33,2,3,3,3,6,2,3,1,100,1,1
220,5,5,5,5,4,4, ,5,5,4,5,4,3,5,5,4,4,2,7,67,10,99, , ,1, , ,9,1,1,2, , , ,66,6,A2,5,40,1,6,3,6, ,2,3,1,50,2,1
221,5,5,5,5,5,5,5,5,5,5,5,5,5,5,5,5,5,2,4,51,10,99, , ,7, , ,3,2, ,97, , , ,49,3,E1,3,57,1,1,3,6, ,2,3,1,100,2,1
222,5,5,5,5,5,5,5,5,5,5,5,5,5,4,4,4,4,2,4,68,10,1, , ,7, , ,7,2, ,3,44, , ,56,6,A2,5,67,1,4,3,2,6,2,3,1,1000,2,1
223,5,5,5,5,5,3,5,5,5,5,5,5,4,5,5,4,5,2,4,65,10,99, , ,2, , ,4,2, ,2, , , ,65,4,C,3,41,1,2,3,6, ,2,3,3,100,2,1
224,5,5,4,5,4,5,5,5,4,5,5,4,5,5,5,5,5,2,1,68,99,99, , ,3, , ,8,2, ,97, , , ,52,3,C,3,60,2,3,3,6, ,2,3,3,100,2,1
225,5,5,5,5,4,4,5,5,5,5,5,5,4,5,5,3,4,1,5,57,10,99, , ,4, , ,8,2, ,97, , , ,57,5,B2,3,48,1,4,3,6, ,2,3,1,25,1,3
226,5,5,5,5,5,4,5,5,5,5,5,5,5,5,5,5,5,2,3,68,10,99, , ,7, , ,9,2, ,97, , , ,50,3,D,3,42,2,3,3,6, ,2,3,1,300,2,1
227,5,5,5,5,5,5,5,5,5,5,4,4,5,5,5,5,5,2,3,70,10,7, , ,A, , ,8,1,1,97, , , ,53,4,B1,3,33,2,3,3,6, ,2,3,1, ,2,1
228,5,5,5,5,5,4,5,5,5,5,5,5,3,5,5,5,4,1,2,68,10,99, , ,1, , ,9,2, ,2, , , ,67,6,A1,8,74,2,2,3,6, ,2,3,2,400,1,1
229,5,5,5,5,4,4,5,5,5,5,5,5,3,5,5,4,3,1,4,68,10,99, , ,1, , ,9,2, ,97, , , ,56,4,B2,7,56,2,1,3,6,9,2,3,3,500,2,1
230,5,5,5,5,5,5,5,5,5,5,5,5,5,5,5,5,5,1,6,67,1,99, , ,1, , ,9,2, ,97, , , ,67,7,A1,5,63,1,3,3,2,6,1,3,1,100,1,1
231,5,5,5,5,5,4,4,5,5,5,4,5,4,5,5,4,4,1,5,66,1,99, , ,1, , ,9,2, ,97, , , ,67,5,A2,3, ,1,4,3,6, ,1,3,2,300,1,1
232,5,5,5,5,5,4,5,5,5,5,5,5,5,5,4,4,3,7,4,70,10,99, , ,1, , ,7,1,1,97, , , ,57,6,B1,6,35,1,6,1,1,6,2,3,1,75,7,1
233,5,5,5,5,5,4,5,5,5,5,5,5,5,5,5,5,5,1,6,50,1,17, , ,7, , ,8,2, ,97, , , ,57,6,B1,5,45,1,4,3,6, ,2,3,3,150,1,1
234,5,5,5,5,5,5,5,5,5,5,5,5,3,5,5,4,5,1,1,68,99,99, , ,1,2, ,9,2, ,2, , , ,56,7,A1,5,75,2,1,3,6,7,2,3,2,600,1,1
235,5,5,5,5,5,1,4,5,5,5,5,5,4,5,5,4,5,1,5,50,10,99, , ,2, , ,8,2, ,97, , , ,50,5,C,3,35,1,4,3,6, ,2,3,1,100,2,0
236,5,5,5,5,5,5,5,5,5,5,5,5,5,5,5,5,5,2,3,51,10,99, , ,7, , ,9,2, ,97, , , ,51,3,D,3,43,1,1,3,6, ,2,3,2, ,2,1
237,5,5,5,5,5,5,5,5,5,5,5,5,4,5,5,5,5,2,6,56,1,99, , ,1, , ,8,2, ,97, , , ,56,6,A2,7,56,1,5,3,1,6,2,3,1,200,3,1
238,5,5,5,5,5,4,5,5,5,5,5,5,5,5,5,5,5,3,3,50,10,99, , ,1, , ,9,2, ,97, , , ,50,3,D,3,28,1,4,3,6, ,2,3,2,300,3,1
239,5,5,5,4,4,4,5,5,5,5,5,5,5,5,5,5,5,2,5,70,1,34, , ,1, , ,1,1,2,97, , , ,50,4,C,3,20,1,1,3,6, ,2,3,3,100,2,1
240,5,5,5,5,5,3,5,5,5,5,5,5,5,5,5,5,5,1,4,49,10,99, , ,2, , ,8,2, ,97, , , ,56,4,B2,3,50,2,4,2,6, ,2,3,2,40,1,1
241,5,5,5,5,5,4,5,5,5,5,5,5,5,5,5,4,4,8,5,57,1,99, , ,1, , ,7,1,2,97, , , ,57,4,C,7,35,2,1,3,6,7,2,3,2,200,8,1
242,5,5,5,5,5,4,4,4,4,5,4,5,3,5,4,3,3,12,3,68,1,99, , ,1, , ,6,2, ,97, , , ,66,6,A2,5, ,1,6,1,6, ,2,3,1,100,12,2
243,5,5,5,5,5,5,5,5,5,5,5,5,5,5,5,5,5,2,2,68,10,99, , ,7, , ,9,2, ,1, , , ,50,3,D,3,45,1,2,2,6, ,2,3,3,100,2,1
244,5,5,5,5,5,5,5,5,5,5,5,5,5,5,5,5,5,1,6,57,1,21, , ,2, , ,8,2, ,97, , , ,65,5,B2,4,24,2,3,3,6, ,2,3,1,300,2,1
245,5,5,5,5,5,5,5,5,5,5,5,5,5,5,5,5,5,1,6,90,1,99, , ,1, , ,9,2, ,97, , , ,56,6,A2,4,45,1,3,3,6, ,2,3,1,200,1,1
246,5,5,5,5,5,5,5,5,5,5,5,5,5,5,5,4,4,1,5,68,10,94, , ,1, , ,8,1,1,97, , , ,65,6,B1,4,40,2,5,3,6,7,2,3,1,300,1,1
247,5,5,5,5,5,4,4,5,5,5,4,5,4,4,5,3,4,6,3,68,10,99, , ,1, , ,9,2, ,97, , , ,65,6,B1,4,37,2,3,3,6, ,2,3,1,150,8,3
248,5,5,5,5,5,5,5,5,5,5,5,5,5,5,5,4,5,1,7,65,1,30, , ,1, , ,8,2, ,97, , , ,65,6,B1,3,70,2,6,1,1,6,2,3,1,100,2,1
249,5,5,5,5,5,5,5,5,5,5,5,5,5,5,5,5,5,2,3,90,10,7, , ,2, , ,8,1,1,97, , , ,50,3,D,3,31,2,3,3,6, ,2,3,1,100,2,1
250,5,5,5,5,4,2,4,5,5,5,5,5,3,5,5,3,3,3,2,68,10,99, , ,1, , ,9,2, ,97, , , ,56,7,A1,4,37,2,2,3,6,7,2,3,1,100,12,0
251,5,5,5,5,5,5,5,5,5,5,5,5,5,5,5,5,5,2,6,65,1,99, , ,1, , ,1,2, ,97, , , ,66,7,A2,6,29,1,6,3,1,2,2,3,1,50,2,1
252,5,5,5,5,5,5,5,5,5,5,5,5,5,5,5,5,5,1,6,65,1,30, , ,1, , ,5,2, ,97, , , ,65,6,B1,3,35,1,4,3,6, ,2,3,1,300,1,1
253,5,5,5,5,4,5,4,5,5,3,3,4,2,4,5,2,4,7,6,65,1,30,5, ,1, , ,6,2, ,97, , , ,66,6,A2,4,38,2,6,1,1,6,2,3,1,200,7,3
254,5,5,5,5,5,5,5,5,5,5,5,5,5,5,5,5,5,1,1,68,99,99, , ,1, , ,9,2, ,97, , , ,51,3,D,3,45,2,1,3,6, ,2,3,1,100,1,1
255,5,5,5,5,5,3,5,5,5,5,5,5,5,5,5,5,5,1,6,56,1,99, , ,1, , ,7,2, ,97, , , ,56,7,A1,4,24,1,6,3,1,6,2,3,2,550,1,1
256,5,5,5,5,5,5,5,5,5,5,5,5,5,5,5,5,5,2,6,90,1,21, , ,1, , ,7,1,10,97, , , ,67,6,A1,7,20,1,6,3,6, ,2,3,1,300,2,1
257,5,5,5,5,5,4,4,4,4,5,5,4,3,4,5,3,4,1,4,53,10,99, , ,1, , ,6,2, ,97, , , ,52,6,A2,5,62,1,3,3,6, ,2,3,2,200,7,2
258,5,5,5,5,5,5,5,5,5,5,5,5,5,5,5,4,4,1,3,70,10,99, , ,1, , ,9,2, ,3, , , ,52,3,C,5, ,1,3,3,6, ,2,3,3,200,2,1
259,5,5,5,5,4,4,3,4,5,5,4,4,4,4,4,4,4,1,7,67,10,21, , ,1, , ,7,2, ,97, , , ,65,6,B1,6,42,1,6,3,1,6,2,3,1,200,2,0
260,5,5,5,5,5,5,4,4,4,4,4,5,3,5,5,2,4,12,4,49,10,99, , ,1, , ,4,2, ,97, , , ,50,4,C,4,65,1,3,3,6, ,1,3,1,50,12,3
261,5,5,5,5,5,4,5,5,5,5,4,5,3,5,5,4,5,1,4,50,1,99, , ,1, , ,9,2, ,97, , , ,50,4,C,3,60,1,4,3,6, ,2,3,3,100,2,1
262,5,5,5,5,5,5,5,5,5,5,5,5,5,5,5,5,5,2,4,65,10,99, , ,1, , ,8,2, ,97, , , ,67,7,A1,6,38,2,4,1,6, ,2,3,1,100,2,1
263,5,5,5,5,5,4,4,5,5,5,5,5,4,4,4,4,4,2,4,68,10,21, , ,2,3, ,5,1,1,97, , , ,66,4,B2,4,32,2,4,3,1,6,2,3,1,50,2,0
264,5,5,5,5,5,5,5,5,5,5,5,5,5,5,5,5,5,1,4,68,1,99, , ,1, , ,9,2, ,97, , , ,56,4,B2,3, ,2,3,3,6,9,2,3,1,150,2,1
265,5,5,5,5,5,5,5,5,5,4,4,4,3,5,5,2,4,1,4,90,10,94, , ,1, , ,9,1,1,2,3, , ,65,5,B2,3,54,2,4,3,6, ,2,3,3,50,2,3
266,5,5,5,5,5,5,5,5,5,5,5,5,3,5,5,4,4,1,4,56,10,99, , ,1, , ,9,2, ,97, , , ,50,4,C,3,29,2,3,3,6, ,2,3,1,20,2,1
267,5,5,5,5,5,4,4,5,5,5,5,5,4,4,5,4,4,7,4,57,10,9, , ,1, , ,7,1,4,97, , , ,50,4,C,3,33,1,6,3,6, ,2,3,1,200,12,1
268,5,5,5,5,5,5,5,5,5,5,5,5,5,5,5,5,5,6,3,65,1,99, , ,1, , ,4,1,2,97, , , ,65,3,C,3, ,2,6,3,6,7,2,3,1,300,6,1
269,5,5,5,5,4,4,3,5,5,5,3,5,3,5,5,3,5,2,4,68,1,99, , ,1, , ,9,2, ,2, , , ,67,7,A1,5,55,2,4,3,2,5,2,3,1,100,2,0
270,5,5,5,5,4,5,5,5,5,4,5,5,5,5,5,4,5,1,6,68,2,11, , ,4, , ,8,2, ,97, , , ,57,7,B1,4,38,2,6,3,2, ,2,3,2,300,1,1
271,5,5,5,5,5,5,4,5,5,5,4,5,5,5,5,5,3,9,6,68,2,30, , ,4, , ,8,2, ,97, , , ,57,7,B1,3,37,2,6,2,2, ,2,3,1,50,10,1
272,5,5,5,5,4,4,5,5,5,3,5,5,5,5,5,3,4,9,1,68,2,99, , ,4, , ,9,2, ,2,14,13, ,51,4,C,3,35,2,1,3,2, ,2,3,1,150,9,3
273,5,5,5,5,4,4,3,5,5,5,4,5,5,4,5,5,5,8,3,69,2,42, , ,4, , ,9,2, ,97, , , ,57,6,B1,4, ,1,4,3,2, ,2,3,2,150,10,0
274,5,5,5,5,4,3,4,5,5,5,5,5,4,5,5,2,2,1,4,51,2,22, , ,4, , ,6,1,8,2, , , ,51,4,C,3,40,1,3,3,2, ,2,3,1,200,2,3
275,5,5,5,5,4,5,5,4,5,5,5,5,4,5,5,4,5,9,3,68,2,7, , ,4, , ,9,2, ,97, , , ,54,6,A1,5, , ,3,3,2, ,2,3,1,200,9,1
276,5,5,5,5,4,5,4,5,5,5,4,5,5,5,5,5,5,9,6,68,2,11, , ,4, , ,7,2, ,97, , , ,54,6,A1,4, , ,6,3,2, ,2,3,1,100,9,1
277,5,5,5,5,5,4,4,5,5,4,5,5,4,5,5,4,5,8,5,69,2,17, , ,4, , ,9,2, ,97, , , ,66,6,A2,4, , ,4,3,2, ,2,3,1,50,9,1
278,5,5,5,5,3,4,5,5,5,4,5,5,5,5,5,3,5,9,1,68,99,52, , ,4, , ,9,2, ,97, , , ,49,4,D,3,65,2,4,3,2, ,2,3,1,150,9,3
279,5,5,5,5,5,4,2,5,5,4,5,5,4,4,5,2,4,3,6,57,2,11,46, ,A, , ,7,2, ,97, , , ,57,6,B1,4,34,1,6,3,2, ,2,3,3,200,9,0
280,5,5,5,5,5,5,5,5,5,5,5,5,5,5,5,5,5,9,1,68,99,99, , ,4, , ,9,2, ,2, , , ,51,1,E2,3, , ,1,3,2, ,2,3,1,300,9,1
281,5,5,5,5,4,4,5,5,5,4,4,5,5,5,5,4,5,9,6,57,2,11,5, ,4, , ,8,2, ,97, , , ,57,6,B1,5,40,2,6,1,2, ,2,3,2,100,9,1
282,4,5,4,4,4,5,4,5,5,4,5,5,5,5,5,3,4,1,5,69,2,30, , ,4, , ,7,2, ,97, , , ,66,6,A2,5,24,2,6,3,2, ,2,3,3,400,1,4
283,5,5,5,5,5,4,4,5,5,5,5,5,5,4,5,2,4,9,1,68,99,97, , ,Z, , ,9,2, ,97, , , ,49,3,E1,3, , ,1,3,2, ,2,3,1,200,10,3
284,5,5,5,5,3,2,2,4,5,5,5,5,2,3,5,4,3,9,4,52,2,9, , ,4, , ,8,2, ,97, , , ,52,4,B2,3,40,1,3,3,2, ,2,3,1,50,12,0
285,5,5,5,5,4,4,5,5,5,4,5,5,5,5,5,2,5,8,4,57,2,22, , ,4, , ,9,2, ,97, , , ,52,4,B2,4,35,2,4,1,2, ,2,3,2,200,9,3
286,5,4,5,5,5,4,4,5,5,5,5,4,5,5,5,4,5,9,6,68,2,11,5, ,4, , ,7,2, ,2, , , ,67,7,A1,6,32,2,6,2,2, ,2,3,3,200,10,1
287,5,5,5,5,5,5,5,5,5,5,5,5,5,5,5,5,5,1,6,68,2,11,5, ,4, , ,8,2, ,97, , , ,52,6,A2,4,28,2,6,3,2, ,2,3,3,100,1,1
288,5,5,4,5,5,5,4,5,5,5,5,5,5,5,5,5,5,8,6,57,2,11,5, ,1,4, ,9,2, ,97, , , ,65,6,B1,4,38,2,6,1,2, ,2,3,2,200,9,1
289,5,5,5,5,4,5,4,5,5,4,5,5,4,5,5,4,5,1,6,57,2,11, , ,4, , ,8,2, ,97, , , ,65,7,A2,5, , ,6,2,2, ,2,3,1,250,1,1
290,5,5,5,5,5,5,5,5,4,4,5,5,4,5,5,5,5,8,6,57,2,11, , ,4, , ,8,2, ,97, , , ,49,3,E1,3,28,1,3,1,2, ,2,3,3,200,10,1
291,5,5,5,5,4,4,5,5,4,5,5,5,5,4,5,4,5,1,6,68,2,11,5, ,9, , ,7,2, ,97, , , ,66,6,A2,6,40,2,5,3,2, ,2,3,1,100,9,1
292,5,5,5,5,4,4,5,5,5,5,5,5,5,5,5,5,5,9,1,68,2,97, , ,4, , ,8,2, ,97, , , ,57,4,C,3, , ,1,3,2, ,2,3,1,50,9,1
293,5,5,5,5,4,4,4,5,5,5,4,5,5,5,5,4,5,1,4,57,2,1, , ,4, , ,9,2, ,3, , , ,66,7,A2,5,59,1,6,3,2, ,2,3,3,200,9,1
294,5,5,5,5,5,4,4,5, ,4,4,5,4,5,5,3,5,1,7,56,2,14,49, ,4, , ,7,2, ,2, , , ,56,7,A1,4,46,1,4,3,2, ,2,3,1,250,1,3
295,5,5,5,5,5,4,4,5,5,5,5,5,4,5,5,4,2,9,3,68,2,7, , ,4, , ,9,2, ,97, , , ,50,4,C,4, , ,3,3,2, ,2,3,1,150,12,1
296,5,5,5,5,5,5,5,5,3,4,5,5,4,5,5,5,5,1,1,68,99,7, , ,4, , ,9,2, ,97, , , ,49,3,E1,3,37,2,1,3,2, ,2,3,1,200,12,1
297,5,5,5,5,5,4,4,5,5,4,5,5,2,5,5,2,5,1,5,69,2,17, , ,4, , ,6,2, ,97, , , ,57,4,C,4,18,2,6,3,2, ,2,3,1,200,9,3
298,5,5,5,5,5,5,5,5,5,4,5,5,2,4,5,2,5,8,6,65,2,11, , ,4, , ,9,1,4,1,2,26, ,65,6,B1,4,45,1,4,3,2, ,2,3,1,100,12,3
299,5,5,5,5,4,4,5,5,5,5,5,5,4,4,5,2,5,1,7,68,2,11,49, ,4, , ,9,2, ,97, , , ,53,7,A1,4,30,2,6,3,2, ,2,3,2,150,12,3
300,5,5,5,5,5,5,4,5,5,5,5,5,3,5,5,3,4,1,6,68,2,11, , ,3,4, ,7,2, ,97, , , ,65,6,B1,4,40,2,6,3,2, ,2,3,1,100,1,3
301,5,5,5,5,5,5,5,5,5,5,5,5,5,5,5,5,5,9,3,68,2,7, , ,4, , ,9,2, ,97, , , ,51,4,C,3, , ,3,3,2, ,2,3,2,100,9,1
302,5,5,5,5,5,5,5,5,5,5,5,5,5,5,5,5,5,1,1,68,2,97, , ,4, , ,9,2, ,2, , , ,50,4,C,3, , ,4,2,2,11,2,3,1,500,1,1
303,5,5,5,5,5,5,5,5,5,5,5,5,5,5,5,5,5,1,6,68,2,30, , ,1,4, ,7,2, ,2, , , ,67,7,A1,5, , ,6,3,2, ,2,3,1,400,1,1
304,5,5,5,5,3,3,4,5,5,5,4,5,3,3,5,3,4,9,1,68,99,97, , ,4, , ,9,2, ,1, , , ,50,3,D,4,35,2,1,3,2, ,2,3,1,400,12,0
305,5,5,5,5,5,5,5,5,5,5,5,5,5,5,5,5,5,1,3,68,2,7, , ,4, , ,9,2, ,2, , , ,51,3,D,3, , ,3,3,2, ,2,3,1,50,1,1
306,5,4,5,5,5,4,5,5,5,5,4,5,5,5,5,2,5,1,4,57,2,1, , ,4, , ,4,2, ,97, , , ,57,4,C,3,31,1,1,3,2, ,2,3,1,200,9,3
307,5,5,5,5,4,5,4,5,5,4,5,5,5,5,5,5,5,1,4,68,2,97, , ,Z, , ,9,2, ,97, , , ,57,6,B1,4,52,1,4,3,2, ,2,3,1,100,1,1
308,5,5,5,5,5,5,4,5,5,5,5,5,5,5,5,3,5,1,6,68,99,30, , ,4, , ,7,2, ,2, , , ,52,5,B1,6,46,2,6,3,2, ,2,3,1,100,12,3
309,5,4,4,5,2,1,5,5,4,4,4,1,4,2,5,2,1,9,6,57,2,11, , ,1, , ,8,2, ,97, , , ,57,7,B1,4,30,1,4,3,2, ,2,3,1,50,10,4
310,5,5,5,5,4,4,5,5,5,5,5,5,4,5,5,1,5,9,7,67,2,10,49, ,4, , ,6,2, ,3, , , ,66,7,A2,6,38,1,6,3,2, ,2,3,1,100,12,3
311,5,5,5,5,4,5,4,5,5,3,5,5,4,4,5,4,5,9,6,68,2,30, , ,4, , ,7,2, ,97, , , ,67,6,A1,5, , ,6,3,2, ,2,3,1,250,11,1
312,5,5,5,5,3,5,5,5,5,5,5,3,5,5,5,5,5,8,3,49,2,38, , ,4, , ,8,1,4,97, , , ,49,3,E1,3,26,1,3,3,2, ,2,3,1,50,9,1
313,5,5,5,5,5,5,5,5,5,5,5,5,5,5,5,5,5,1,3,68,2,7, , ,4, , ,8,2, ,97, , , ,51,3,D,4, , ,3,3,2, ,2,3,1,100,1,1
314,5,5,5,5,5,5,5,5,5,5,5,5,5,5,5,5,5,8,4,68,2,1, , ,4, , ,9,2, ,97, , , ,57,6,B1,4,34,2,4,3,2, ,2,3,1,200,9,1
315,5,5,5,5,5,5,5,5,5,5,5,5,5,5,5,1,5,9,6,68,2,30, , ,4, , ,7,2, ,97, , , ,66,7,A2,5,37,2,6,3,2, ,2,3,1,200,9,3
316,5,5,5,5,3,4,5,4,5,5,5,5,4,5,5,3,3,8,6,57,2,30, , ,4, , ,9,2, ,97, , , ,57,6,B1,3,25,2,6,2,2, ,2,3,1,50,10,3
317,5,5,5,5,5,5,5,5,5,5,5,5,5,5,5,1,5,9,6,68,2,30, , ,4, , ,8,2, ,97, , , ,66,7,A2,8,35,2,4,3,2, ,2,3,2,200,10,3
318,5,5,5,5,5,5,5,5,5,5,5,5,5,5,5,5,3,9,3,68,2,7, , ,4, , ,8,2, ,97, , , ,57,4,C,3, , ,3,3,2, ,2,3,1,150,8,1
319,5,5,5,5,5,5,5,5,5,5,5,5,5,5,5,5,5,10,3,68,2,97, , ,4, , ,9,2, ,97, , , ,66,6,A2,4,45,2,3,3,2, ,2,3,1,100,10,1
320,5,5,5,5,5,5,5,5,5,5,5,5,5,5,5,5,5,1,6,68,2,30, , ,4, , ,8,2, ,97, , , ,66,6,A2,8,42,2,6,3,2,5,2,3,1,400,3,1
321,5,5,5,5,5,1,4,5,5,5,5,5,5,5,5,5,5,1,4,68,2,9, , ,4, , ,9,2, ,1,2, , ,66,7,A2,5, , ,4,3,2, ,2,3,1,500,1,0
322,5,5,5,5,5,5,5,5,5,5,5,5,5,5,5,3,5,10,4,68,2,9, , ,4, , ,9,2, ,2, , , ,66,6,A2,7,30,2,4,3,2, ,2,3,3,200,10,3
323,5,5,5,5,5,4,4,5,5,5,5,5,5,5,5,5,5,1,1,68,99,99, , ,4, , ,8,2, ,1,2, , ,52,3,C,3,60,2,1,3,2,11,2,3,3,250,1,1
324,5,5,5,5,5,5,5,5,5,5,5,5,5,5,5,4,5,1,3,68,2,8, , ,2, , ,8,2, ,2,4, , ,57,3,D,3,45,2,3,3,2, ,2,3,1,250,1,1
325,5,5,5,5,5,4,5,5,5,5,5,5,5,5,5,5,5,1,6,69,2,17, , ,4, , ,9,2, ,97, , , ,65,6,B1,4, , ,3,3,2, ,2,3,3, ,10,1
326,5,5,5,5,5,2,3,5,5,4,5,5,4,5,3,3,5,9,1,68,99,99, , ,4, , ,7,2, ,1, , , ,65,4,C,4,40,2,1,3,2,16,2,3,1,100,12,0
327, ,5,5,5,5,5,2,5,5,2,5,5,5,5,5,5,5,1,6,57,2,30, , ,4, , ,9,2, ,97, , , ,57,6,B1,4,40,1,4,3,2, ,2,3,3,200,1,0
328,5,5,5,5,4,5,3,5,5,4,5,5,4,5,4,3,5,1,1,51,2,99, , ,4, , ,7,1,4,4, , , ,51,6,B2,3, , ,1,2,2, ,2,3,2,200,1,0
329,5,5,5,5,5,5,1,5,5,4,5,5,5,5,5,4,5,1,7,56,2,30,49, ,4, , ,8,2, ,97, , , ,56,7,A1,9, , ,6,1,2, ,2,3,2,50,1,0
330,5,5,5,5,5,5,5,5,5,5,5,5,5,5,5,5,5,7,6,66,1,17,19, ,4, , ,9,1,4,2, , , ,66,6,A2,5,24,1,6,1,2,5,2,3,1,300,8,1
331,5,5,5,5,5,5,4,5,5,5,5,5,5,5,5,5,5,1,4,68,2,30, , ,4, , ,7,1,2,97, , , ,57,6,B1,3,21,2,4,3,2, ,2,3,1,200,1,1
332,5,5,5,5,5,5,5,5,5,5,5,5,5,5,5,5,5,1,3,50,2,99, , ,4, , ,9,2, ,97, , , ,50,4,C,4,40,2,3,3,2, ,2,3,1,200,1,1
333,5,5,5,5,5,5,5,5,5,5,5,5,4,5,5,4,5,1,3,68,2,7, , ,4, , ,9,2, ,97, , , ,65,4,C,3,30,2,3,3,2, ,2,3,1,60,1,1
334,5,5,5,5,5,5,5,5,5,5,5,5,5,5,5,5,5,1,4,52,2,1, , ,4, , ,9,2, ,97, , , ,50,3,D,4, , ,1,3,2, ,2,3,1,100,1,1
335,5,5,5,5,4,5,4,5,5,4,4,5,5,5,5,5,5,7,4,68,2,1, , ,4, , ,7,1,4,97, , , ,57,6,B1,4,28,2,4,3,2, ,2,3,3,100,12,1
336,5,5,5,5,5,5,4,5,5,5,5,5,5,5,5,5,5,1,7,56,1,49, , ,4, , ,8,2, ,2, , , ,56,7,A1,3,52,1,3,3,2, ,2,3,1,100,1,1
337,5,5,5,5,5,5,5,5,5,5,5,5,5,5,5,5,5,1,4,68,2,1, , ,4, , ,9,2, ,97, , , ,55,6,A1,6,35,2,4,3,2, ,2,3,1,200,12,1
338,5,5,5,5,5,5,5,5,5,5,5,5,5,5,5,5,5,1,3,68,2,45, , ,4, , ,7,2, ,97, , , ,57,5,B2,4,38,2,3,3,2, ,2,3,1,200,1,1
339,5,5,5,5,5,5,5,5,5,5,5,5,5,5,5,5,5,1,5,68,2,30, , ,4, , ,9,1,1,97, , , ,50,6,B2,4,28,2,5,3,2, ,2,3,1,30,10,1
340,5,5,5,5,5,4,3,5,5,5,4,4,4,5,5,4,5,1,4,69,2,1, , ,4, , ,8,2, ,97, , , ,50,4,C,5, ,2,4,3,2, ,2,3,3,300,8,0
341,5,5,5,5,5,5,2,5,5,1,5,5,5,5,5,5,5,1,6,68,2,1,30, ,4, , ,8,2, ,97, , , ,66,7,A2,5,30,2,6,3,2, ,2,3,1,200,1,0
342,5,5,5,5,5,5,5,5,5,5,5,5,3,3,5,3,5,9,6,68,2,30, , ,4, , ,8,2, ,97, , , ,66,7,A2,5, , ,6,3,2, ,2,3,1,300,9,3
343,5,5,5,5,5,5,3,5,5,5,5,5,5,5,5,5,5,1,6,57,2,16,17, ,4, , ,4,1,7,97, , , ,57,6,B1,5, , ,4,3,2, ,2,3,3,200,8,1
344,5,5,5,5,2,3,2,5,5,5,5,5,2,5,5,5,5,9,3,68,2,33, , ,4, , ,8,2, ,97, , , ,51,3,D,3,27,2,3,3,2,11,2,3,1,100,1,0
345,5,5,5,5,5,4,4,5,5,5,5,5,5,5,5,5,5,1,5,69,1,1,30, ,4, , ,9,2, ,97, , , ,66,6,A2,4, , ,3,3,2, ,2,3,1,200,11,1
346,5,5,5,5,5,5,4,5,5,1,5,5,5,5,2,2,4,1,5,68,2,99, , ,9,7, ,9,2, ,97, , , ,65,7,A2,4, , ,3,3,2, ,2,3,1,600,12,3
347,5,5,5,5,5,5,5,5,5,5,5,5,5,5,5,5,5,1,6,65,2,1,17, ,4, , ,3,1,7,97, , , ,66,6,A2,10, , ,3,3,2, ,2,3,3, ,12,1
348,5,5,5,5,5,2,5,5,5,5,5,5,5,5,5,5,5,1,6,52,2,1,30,6,4, , ,9,2, ,97, , , ,52,6,A2,3, , ,5,3,2, ,2,3,1,125,9,1
349,5,5,5,5,5,5,5,5,5,5,5,5,5,5,5,5,5,1,3,68,2,8, , ,4, , ,9,2, ,97, , , ,52,4,B2,4,40,2,3,3,2,16,2,3,1,50,1,1
350,5,5,5,5,5,5,5,5,5,5,5,5,5,5,5,5,5,1,1,68,99,52, , ,4, , ,9,2, ,4, , , ,51,3,D,3,35,2,1,3,2,16,2,3,1,200,1,1
351,5,5,5,5,5,4,3,5,5,3,4,5,4,5,5,4,5,1,4,68,2,1, , ,4, , ,9,2, ,97, , , ,66,6,A2,5,35,2,4,3,2, ,2,3,1,100,12,0
352,5,5,5,5,5,5,5,5,5,5,5,5,5,5,5,5,5,9,1,68,99,52, , ,4, , ,9,2, ,97, , , ,49,1,E2,3,40,2,3,3,2, ,2,3,1,200,12,1
353,5,5,5,5,5,5,4,5,5,4,5,5,5,5,5,5,5,1,6,66,2,30,1,6,4, , ,8,2, ,97, , , ,66,6,A2,4, , ,4,3,2, ,2,3,1,100,1,1
354,5,5,5,5,5,5,5,5,5,5,5,5,5,5,5,4,5,1,3,68,1,8, , ,4, , ,8,2, ,97, , , ,57,6,B1,3, , ,3,2,2, ,2,3,1, ,12,1
355,5,5,5,5,5,5,5,5,5,5,5,5,5,5,5,5,5,1,1,51,99,52, , ,4, , ,9,2, ,97, , , ,49,4,D,3, , ,1,1,2, ,2,3,1,50,1,1
356,5,5,5,5,5,5,5,5,5,5,5,5,5,5,5,2,4,1,4,65,2,99, , ,9,7, ,9,2, ,97, , , ,65,4,C,4, , ,3,3,2, ,2,3,1,50,12,3
357,5,5,5,5,5,5,3,5,5,5,4,5,4,5,5,4,5,1,4,68,2,1,44, ,4, , ,7,2, ,97, , , ,66,7,A2,6,45,2,4,3,2, ,2,3,1,1200,7,1
358,5,5,5,5,3,3,5,5,5, ,5,3,3,5,5,3,5,1,6,67,2,11, , ,4, , ,9,1,2,4, , , ,67,6,A1,8, , ,3,3,2, ,2,3,1,50,1,3
359,5,5,5,5,5,5,4,5,5,5,5,5,5,5,5,5,5,5,4,68,2,1, , ,4, , ,8,2, ,97, , , ,57,7,B1,4,42,2,4,3,2, ,2,3,1,300,1,1
360,5,5,5,5,5,5,3,5,5,5,5,5,5,5,5,5,5,1,4,57,2,6, , ,4, , ,7,1,7,97, , , ,57,4,C,3, , ,4,1,2, ,2,3,1,100,1,1
361,5,5,5,5,5,5,4,5,5,5,5,5,5,5,5,5,5,1,7,65,2,30,16,11,4, , ,9,2, ,2, , , ,65,6,B1,4,50,1,4,3,2, ,1,3,3,200,12,1
362,5,5,5,5,5,2,2,5,5,5,5,5,5,5,4,1,5,1,3,68,99,7, , ,4, , ,9,2, ,97, , , ,57,4,C,3, ,2,3,3,2, ,2,3,3,800,1,0
363,5,5,5,5,5,4,5,5,5,4,5,5,5,5,5,4,5,1,6,57,2,1,30, ,4, , ,9,2, ,97, , , ,57,6,B1,4,48,1,1,3,2, ,2,3,3,1000,1,1
364,5,5,5,5,5,5,5,5,5,5,5,5,5,5,5,5,5,1,1,68,99,52, , ,4, , ,9,2, ,97, , , ,57,6,B1,3,25,1,1,3,2, ,2,3,1,100,1,1
365,5,5,5,5,5,4,2,5,5,5,5,5,4,5,5,5,5,1,3,68,99,4, , ,4, , ,8,2, ,97, , , ,49,1,E2,3, ,2,1,1,2,11,2,3,1,500,1,0
366,5,5,5,5,5,5,5,5,5,5,5,5,5,5,5,5,5,1,6,68,2,30, , ,4, , ,8,2, ,97, , , ,65,6,B1,3,30,2,6,3,2, ,2,3,1,100,12,1
367,5,5,5,5,4,4,3,5,5,5,5,5,5,5,5,5,5,1,4,68,2,1, , ,4, , ,8,2, ,2, , , ,66,6,A2,4, , ,4,3,2, ,2,3,2,200,9,0
368,5,5,5,5,5,4,1,5,5,5,5,5,5,5,5,1,5,1,6,66,2,99, , ,9,7, ,9,2, ,97, , , ,67,6,A1,5, , ,6,3,2, ,2,3,2,400,14,0
369,5,5,5,5,5,5,4,5,5,4,5,5,4,5,5,4,5,1,3,56,2,1, , ,4, , ,9,2, ,1,2,3,4,65,4,C,3,50,2,3,3,2, ,2,3,2,200,12,1
370,5,5,5,5,5,5,5,5,5,5,5,4,5,5,5,5,5,1,5,68,2,6,1, ,4, , ,8,2, ,2, , , ,50,4,C,4,40,2,5,3,2, ,1,3,3,25,1,1
371,5,5,5,5,5,5,4,5,5,5,5,5,5,5,5,5,5,1,3,68,2,8, , ,4, , ,9,2, ,97, , , ,57,6,B1,4,35,2,3,3,2, ,2,3,1,50,1,1
372,5,5,5,5,5,5,2,5,5,5,4,5,3,5,5,5,5,1,4,51,2,99, , ,4, , ,7,2, ,97, , , ,51,6,B2,3,35,1,2,3,2,11,2,3,1,100,1,0
373,5,5,5,5,5,5,5,5,5,5,5,5,5,5,5,5,5,11,4,51,7,7, , ,2, , ,7,2, ,97, , , ,51,3,D,3, , ,3,3,4, ,2,3,1,50,8,1
374,5,5,5,5,5,5,5,5,5,5,5,5,5,5,4,3,4,9,6,57,7,10, , ,2, , ,4,2, ,97, , , ,57,6,B1,4, , ,4,3,4, ,2,3,1,50,1,3
375,5,5,5,5,5,5,5,5,5,5,5,5,5,5,5,5,5,10,3,50,7,7, , ,2, , ,7,2, ,97, , , ,50,3,D,3, , ,3,3,4, ,2,3,1,25,8,1
376,5,5,5,5,5,5,5,5,5,5,4,5,4,5,5,5,5,1,3,68,7,8, , ,2, , ,9,2, ,97, , , ,51,3,D,3, , ,2,3,4, ,2,3,2,100,8,1
377,5,5,5,5,5,5,5,5,5,5,5,5,5,5,5,2,4,11,6,65,7,30,5, ,2, , ,6,1,8,97, , , ,65,6,B1,4, , ,4,3,4, ,2,3,1,30,1,3
378,5,5,4,5,5,4,4,5,5,5,5,5,5,5,5,5,5,10,4,68,7,1, , ,2, , ,9,2, ,97, , , ,57,4,C,5, , ,4,3,4, ,2,3,3, ,12,1
379,5,5,5,5,5,5,5,5,5,5,5,5,5,4,3,5,5,1,6,68,7,30, , ,2, , ,4,2, ,97, , , ,52,6,A2,5, , ,6,3,4, ,2,3,1,250,8,1
380,5,4,4,2,2,5,3,4,4,3,2,4,4,4,4,4,4,8,1,68,99,99, , ,G, , ,6,2, ,97, , , ,51,1,E2,3, , ,1,3,4, ,2,3,2,150, ,4
381,5,5,5,4,5,5,5,4,5,5,5,5,4,5,4,5,5,3,3,69,7,7, , ,2, , ,9,2, ,97, , , ,50,3,D,3, , ,3,3,4, ,2,3,1,100,7,1
382,5,5,5,5,5,5,4,4,5,5,5,5,4,5,4,5,4,1,6,57,7,30, , ,2, , ,9,2, ,97, , , ,57,6,B1,4, , ,3,3,4, ,2,3,1,100,12,1
383,5,5,5,5,5,5,5,5,5,5,5,5,5,5,5,5,5,11,6,57,7,10, , ,2, , ,7,2, ,97, , , ,65,6,B1,5, , ,5,1,4, ,2,3,1,50,8,1
384,5,5,3,4,5,5,5,5,5,4,5,5,5,5,4,4,5,7,3,50,7,4, , ,2, , ,9,2, ,97, , , ,50,3,D,3, , ,3,3,4, ,2,3,1,25,7,4
385,5,5,1,4,5,5,5,5,5,2,4,5,5,4,3,5,5, ,4,68,7,21, , ,2, , ,9,2, ,97, , , ,51,3,D,3, , ,4,3,4, ,2,3,1,250,8,4
386,5,4,4,4,4,2,5,5,4,4,5,4,4,4,4,4,4,1,4,50,7,1, , ,2, , ,5,2, ,97, , , ,50,4,C,3, , ,3,3,4, ,2,3,1,100,8,4
387,5,5,5,5,5,5,5,5,5,5,5,5,5,4,5,4,5,1,6,57,7,10, , ,2, , ,7,2, ,97, , , ,50,4,C,3, , ,2,3,4, ,2,3,1,25,8,1
388,5,5,5,5,5,5,5,5,5,5,5,5,5,5,5,4,5, ,3,50,7,38, , ,G, , ,9,2, ,97, , , ,50,3,D,3, , ,1,3,4, ,2,3,1,100,1,1
389,5,5,5,5,5,5,5,5,5,5,5,5,5,5,5,5,5,7,4,50,7,1, , ,2, , ,7,1,5,97, , , ,50,4,C,4, , ,3,3,4, ,2,3,1,60,8,1
390,5,5,5,5,5,5,5,5,5,5,5,5,5,5,5,5,5,1,5,50,7,1,95, ,2, , ,7,2, ,97, , , ,50,4,C,3, , ,3,3,4, ,2,3,3,50,1,1
391,5,5,5,5,5,5,5,5,5,5,5,5,5,5,5,5,5, ,4,68,7,1, , ,2, , ,9,2, ,97, , , ,49,3,E1,3,29,2,4,3,4, ,2,3,1,50,8,1
392,5,5,5,5,5,5,5,5,5,5,5,5,5,5,4,5,5,1,4,52,7,9, , ,2, , ,9,2, ,97, , , ,57,6,B1,5, , ,2,3,4, ,2,3,1,100,10,1
393,5,5,5,5,5,5,4,5,5,5,5,5,5,5,5,5,5, ,3,57,7,13, , ,2, , ,9,1,2,97, , , ,50,4,C,3, , ,3,3,4, ,2,3,1,100,8,1
394,5,5,5,5,5,5,5,5,5,5,5,5,5,5,5,5,5,1,6,57,7,10, , ,2, , ,6,1,1,97, , , ,57,4,C,7, , ,4,3,4, ,2,2,2,150,1,1
395,5,5,5,5,2,4,4,5,5,5,5,5,5,4,5,5,5,1,3,68,7,45, , ,2, , ,9,2, ,97, , , ,50,4,C,4, , ,3,3,4, ,2,3,1,50,1,0
396,5,5,5,5,5,5,4,5,5,5,5,5,5,5,5,5,4,8,5,69,7,1, , ,2, , ,9,2, ,97, , , ,50,3,D,3, , ,3,3,4, ,2,3,1,50,8,1
397,5,4,5,5,5,4,4,5,4,4,5,5,4,5,5,4,2,10,7,57,7,10,49, ,2, , ,9,1,1,3,4, , ,57,7,B1,3,51,1,5,3,4, ,1,3,1,50,8,1
398,5,5,5,5,5,5,4,5,5,5,5,5,5,5,5,5,5, ,4,50,7,1, , ,2, , ,8,2, ,97, , , ,50,4,C,3,35,1,4,3,4, ,2,3,1,25,8,1
399,5,5,5,5,5,5,5,5,5,5,5,5,5,5,5,5,5,7,4,57,7,9, , ,2, , ,5,2, ,97, , , ,52,3,C,4, , ,4,3,4, ,2,3,1,50,7,1
400,5,5,5,5,5,5,5,5,5,5,5,5,5,5,5,5,5,1,4,69,7,1, , ,2, , ,7,2, ,97, , , ,51,4,C,4, , ,4,3,4, ,2,3,1,400,8,1
401,5,5,4,5,4,4,5,5,4,5,4,5,5,5,5,5,4,3,6,57,7,21, , ,2, , ,9,2, ,97, , , ,57,4,C,3,48,1,4,3,4, ,2,3,1,25,1,1
402,4,4,5,4,4,3,4,5,4,4,5,4,5,5,5,4,3,2,6,70,7,10, , ,2, , ,9,2, ,97, , , ,51,3,D,3,51,1,3,3,4, ,2,3,1,35, ,4
403,5,5,5,5,5,5,5,5,5,5,1,1,5,5,5,1,1,10,6,57,7,10, , ,2, , ,4,1,5,97, , , ,50,3,D,4, , ,4,3,4, ,2,3,1,100,10,3
404,5,5,2,5,5,5,5,5,5,4,5,5, ,5,3,5,5,8,3,69,7,7, , ,2, , ,9,2, ,97, , , ,50,4,C,4, , ,3,3,4, ,2,3,2,100,8,4
405,5,5,5,5,5,5,5,5,5,5,5,5,5,5,5,5,5,1,3,50,7,13, , ,N, , ,9,2, ,2, , , ,50,4,C,3, , ,4,3,4, ,2,3,3,300,1,1
406,5,5,1,4,5,5,5,5,5,3,5,4,5,4,5,3,3,7,6,54,2,20, , ,2, , ,7,2, ,97, , , ,50,3,D,4, , ,3,3,4, ,2,3,1,100,7,4
407,5,5,5,5,5,5,5,5,5,5,5,5,5,5,5,5,5,1,5,57,7,10, , ,2, , ,9,1,1,2,3, , ,66,3,C,4,66,1,3,3,4, ,2,3,1,20,12,1
408,5,5,5,5,4,5,2,5,5,5,4,4,5,4,5,5,4,10,4,57,7,10, , ,2, , ,9,2, ,97, , , ,57,4,C,4, , ,4,1,4, ,2,3,1,100,10,0
409,5,4,5,4,5,1,4,5,4,4,5,4,4,2,4,4,2,8,3,68,7,4, , ,2, , ,8,2, ,97, , , ,50,4,C,3, , ,3,3,4, ,2,3,1,100,8,2
410,5,5,5,5,5,5,5,5,5,5,5,5,5,5,5,5,5,1,4,68,7,9, , ,N, , ,5,2, ,97, , , ,57,7,B1,3, , ,4,3,4, ,2,3,1,50,8,1
411,5,5,5,3,5,5,5,5,5,3,5,5,5,5,5,5,5,1,3,68,7,7, , ,2, , ,9,2, ,97, , , ,50,3,D,4, , ,3,3,4, ,2,3,1,250,1,1
412,5,5,4,5,4,4,2,4,5,5,5,5,5,4,5,4,1, ,4,50,7,1, , ,2, , ,8,2, ,97, , , ,50,4,C,3, , ,3,3,4, ,2,3,1,15,8,0
413,5,5,5,5,5,5, ,4,4,5,5,5,5,4,4,5,5,1,4,52,7,1, , ,2, , ,7,2, ,97, , , ,52,4,B2,8, , ,2,3,4, ,2,3,3,300,12,2
414,5,5,5,5,5,5,5,5,5,5,5,5,5,5,5,5,5,8,3,68,7,8, , ,G, , ,9,2, ,2,3, , ,52,3,C,4, , ,3,3,4, ,2,3,1,1000,8,1
415,5,5,5,5,5,5,5,5,5,5,4,5,4,5,5,3,3,7,3,50,7,13, , ,2, , ,2,1,20,97, , , ,50,3,D,3, , ,1,3,4, ,2,3,3,100,1,3
416,5,5,5,5,5,5,5,5,5,5,5,5,5,3,5,5,5,1,4,68,7,1, , ,N, , ,9,2, ,97, , , ,50,4,C,3, , ,4,3,4, ,2,3,1,50,8,1
417,5,5,5,5,5,5,5,5,5,5,5,5,5,5,5,5,5,1,4,68,7,1, , ,N, , ,9,2, ,97, , , ,50,5,C,4, , ,4,3,4, ,2,3,1,50,8,1
418,5,5,5,5,4,4,2,4,5,5,4,5,2,4,5,4,2, ,3,68,7,7, , ,2, , ,9,2, ,97, , , ,54,4,B1,4, , ,4,3,4, ,2,3,3,100,8,0
419,5,5,5,5,5,5,5,5,5,5,5,5,5,3,3,5,5,1,3,68,7,45, , ,2, , ,9,2, ,97, , , ,57,4,C,4, , ,3,3,4, ,2,3,3,300,8,1
420,5,5,5,5,5,5,5,5,5,5,5,5,5,5,5,5,5,7,4,50,7,1,95, ,2, , ,8,2, ,97, , , ,50,4,C,3, , ,2,3,4, ,2,3,1,200,7,1
421,5,5,5,5,5,5,4,5,5,4,5,5,5,5,5,5,5, ,3,68,7,8, , ,2, , ,9,2, ,97, , , ,50,4,C,4, , ,3,3,4, ,2,3,1,500,8,1
422,5,5,5,5,5,4,4,5,5,5,5,5,5,4,5,4,4,1,6,68,9,30, , ,1, , ,8,2, ,1, , , ,57,4,C,4,34,2,6,3,7, ,2,3,1,100,1,1
423,5,5,5,5,5,5,1,5,5,4,5,5,3,5,5,3,4,1,8,90,1,99, , ,1, , ,9,2, ,97, , , ,52,7,A2,4,23,2,5,3,7, ,2,3,1,200,1,0
424,4,5,5,1,5,3,5,5,5,5,5,5,5,5,5,1,5,9,6,90,1,30, , ,1, , ,9,2, ,97, , , ,54,6,A1,4,30,2,6,3,7,8,1,1,1,30,12,4
425,5,5,5,5,5,5,4,4,3,5,5,4,3,4,4,3,3,2,4,68,9,99, , ,1, , ,9,2, ,97, , , ,57,6,B1,3,34,2,4,3,7, ,2,3,1,100,2,2
426,5,4,5,2,2,4,4,5,4,4,5,4,3,5,4,2,2,1,6,68,9,30, , ,1, , ,7,2, ,97, , , ,66,6,A2,8,51,2,6,3,1,2,1,2,1,400,1,4
427,5,5,5,5,5,5,5,5,5,5,5,5,5,5,5,1,4,11,6,68,1,21, , ,2, , ,9,2, ,2, , , ,67,7,A1,8,40,2,6,2,6, ,1,3,1, , ,3
428,5,4,4,5,5,4,4,5,5,4,4,4,3,5,5,3,3,2,4,69,1,1, , ,2, , ,8,2, ,97, , , ,66,6,A2,4, ,1,6,3,1,7,2,3,2,500,2,3
429,4,4,5,4,4,5,4,5,5,5,5,5,3,5,5,4,4,6,4,90,1,97, , ,2, , ,4,2, ,97, , , ,54,5,A2,4, ,1,3,3,2,7,2,3,1,150,12,1
430,5,5,5,5,5,4,5,5,5,5,5,5,1,5,4,2,3, ,3,90,9,97, , ,2, , ,8,2, ,97, , , ,65,5,B2,4,60,2,3,3,7, ,2,3,1,50,12,3
431,5,4,5,5,5,3,5,5,5,5,5,5,3,5,5,4,5,1,6,65,1,22, , ,2, , ,8,2, ,5, , , ,53,6,A2,5,48,1,6,1,1,7,2,3,2,100,2,1
432,5,5,4,5,5,5,5,5,5,5,5,5,5,4,4,2,3,12,4,68,9,97, , ,2, , ,8,2, ,2, , , ,65,5,B2,4,45,2,3,3,7, ,1,3,2,50, ,3
433,4,4,4,5,5,4,5,5,5,4,5,5,4,5,5,2,4,9,6,67,1,19, , ,1, , ,9,2, ,3, , , ,67,6,A1,5,35,1,4,3,7, ,2,3,1,100,9,3
434,5,5,5,5,5,2,5,5,5,5,5,5,5,5,4,2,5,1,5,69,1,37, , ,1, , ,6,2, ,97, , , ,52,6,A2,4,18,1,5,3,7,8,2,3,1,100,2,3
435,5,5,5,5,5,5,5,5,5,5,5,5,5,5,5,5,5,2,5,66,9,97, , ,1, , ,9,2, ,2, , , ,66,5,B1,4,75,1,3,3,1,7,2,3,1,100,2,1
436,5,5,5,5,5,4,5,5,1,5,4,5,5,5,5,4,5,1,4,65,9,97, , ,2, , ,9,1,1,97, , , ,65,4,C,4,57,2,4,1,7, ,2,3,1,50,2,2
437,5,5,5,5,4,2,2,5,5,5,5,5,2,5,5,2,2,1,6,66,1,19, , ,2, , ,9,2, ,97, , , ,67,6,A1,10,62,1,7,1,5, ,2,3,1,200,12,0
438,5,5,5,5,5,5,4,5,5,4,5,4,5,5,5,4,3,1,6,65,9,30, , ,1, , ,9,1,2,97, , , ,65,6,B1,3,58,1,4,3,2,7,2,3,1,100,12,1
439,4,5,4,5,4,5,3,5,4,4,4,3,3,5,4,3,3,2,3,50,9,97, , ,2, , ,8,2, ,2, , , ,50,3,D,4,50,1,1,3,7, ,2,3,1,500,2,4
440,5,5,5,5,5,2, ,5,5,3,4,4,5,5,4,5,4,2,6,52,9,10, , ,2, , ,9,2, ,1,2, , ,52,6,A2,4,40,1,5,3,7, ,2,3,1,300,2,1
441,5,5,5,5,5,5,5,5,5,5,5,5,5,5,5,3,3,1,2,52,2,97, , ,1, , ,8,2, ,97, , , ,53,4,B1,4,32,1,5,3,2, ,2,3,2,150,12,3
442,4,4,3,4,3,4,2,4,4,4,3,5,4,5,4,4,4,1,5,90,9,97, , ,1, , ,4,2, ,97, , , ,56,7,A1,8,59,2,5,3,6, ,1,3,1,500, ,4
443,5,5,5,5,4,5,4,5,5,4,5,4,4,5,4,3,3,6,6,57,1,17, , ,2, , ,8,2, ,97, , , ,57,6,B1,4,26,2,5,3,7, ,2,3,1,100,2,3
444,5,5,5,5,4,4,5,5,5,5,5,4,4,5,5,5,5,9,6,66,1,10, , ,1,3, ,2,1,3,97, , , ,66,5,B1,9,21,1,6,3,7, ,2,3,1, ,2,1
445,3,3,4,4,4,3,4,3,4,3,3,4,4,4,3,4,4,6,6,90,1,17, , ,2, , ,3,2, ,97, , , ,56,7,A1,7,33,2,6,3,1,2,1,3,1,200, ,4
446,5,5,5,5,5,4,5,5,5,3,2,3,4,5,4,3,3,2,2,68,9,8, , ,2, , ,9,2, ,97, , , ,50,4,C,4,35,2,2,3,7, ,2,3,2,100,2,3
447,5,4,5,5,5,4,3,3,4,3,3,4,3,5,5,3,3,2,6,66,1,17, , ,2, , ,8,2, ,97, , , ,67,6,A1,7,28,1,4,3,7, ,2,3,3,1000,2,2
448,5,5,4,5,5,4,4,5,5,5,4,5,4,4,5,4,4,1,2,68,9,97, , ,2, , ,8,2, ,2, , , ,50,3,D,4,30,2,3,3,7, ,2,3,1,100,1,1
449,5,5,5,5,4,3,5,5,5,5,5,5,5,3,5,5,5,2,6,57,1,17, , ,2, , ,9,2, ,97, , , ,66,7,A2,6,32,1,6,1,3, ,2,3,1,100,6,0
450,5,5,4,5,5,5,4,4,5,5,4,5,5,5,5,5,5,1,5,53,9,97, , ,2, , ,1,2, ,97, , , ,53,5,A2,4,40,1,4,3,7, ,2,3,1,100,2,1
451,5,4,5,5,5,5,5,5,5,5,5,5,5,5,5,4,5,1,6,90,9,30, , ,2, , ,8,2, ,97, , , ,66,7,A2,4,35,2,6,3,7, ,2,3,1,100, ,1
452,5,5,5,5,5,5,5,5,5,5,5,5,5,5,5,5,5,2,5,50,9,97, , ,1, , ,2,1,1,97, , , ,50,5,C,3, , ,1,3,7, ,2,3,1,20,10,1
453,5,4,5,5,5,3,1,5,5,3,4,5,1,1,5,1,3,1,7,67,10,97, , ,1, , ,9,2, ,97, , , ,67,7,A1,6,39,1,6,1,6, ,2,3,2,100, ,0
454,5,5,5,4,5,3,3,4,4,3,4,5,4,5,5,3,4,2,4,68,9,97, , ,2,3, ,9,2, ,97, , , ,49,1,E2,3, ,1,4,3,7, ,2,3,1,200,2,2
455,5,5,5,4,5,3,2,5,5,3,4,4,3,5,5,2,3,1,4,57,1,97, , ,2,3, ,9,2, ,97, , , ,57,4,C,4, , ,5,1,7, ,2,3,2,100,1,0
456,5,5,5,5,5,5,5,5,5,5,5,5,5,5,5,5,5,2,3,68,1,97, , ,2, , ,9,2, ,1,2, , ,49,4,D,4, , ,3,3,7, ,2,3,3,100,2,1
457,5,5,5,5,5,5,4,5,5,5,5,5,4,5,4,5,5,8,5,90,1,10, , ,1, , ,8,2, ,97, , , ,52,5,B1,4, , ,6,3,7, ,2,3,1,100,8,1
458,5,4,5,5,5,5,5,5,5,5,5,5,3,5,5,1,4, ,7,66,1,97, , ,2, , ,7,1,3,97, , , ,65,6,B1,6,25,2,4,3,1,2,2,3,3,500, ,3
459,5,5,5,5,5,5,5,5,5,5,5,5,5,5,5,4,5,2,3,90,9,97, , ,1, , ,7,2, ,3, , , ,54,4,B1,4,45,2,3,3,7, ,2,3,1,300,2,1
460,5,5,4,5,5,1,5,5,1,1,5,5,5,5,5,5,5,1,2,68,1,97, , ,2, , ,9,2, ,2, , , ,50,5,C,4,50,2,4,3,6,7,2,3,1, ,1,2
461,5,5,5,5,5,5,5,4, ,5,4,5,4,4,4,5,5,1,6,54,1,97, , ,1, , ,9,2, ,97, , , ,54,6,A1,6,44,1,6,3,7, ,2,3,1,50,6,1
462,5,4,4,4,4,5,5,5,4,5,4,5,4,5,5,4,5,6,6,90,9,30, , ,2, , ,9,2, ,97, , , ,54,6,A1,8,50,2,6,3,12, ,1,3,3,1000, ,1
463,5,5,4,5,4,2,2,5,5,5,5,5,2,5,5,2,4,1,4,68,9,97, , ,2, , ,9,2, ,97, , , ,65,6,B1,5,26,2,6,3,7, ,2,3,1,100,2,0
464,5,5,5,5,5,5,5,5,5,4,4,5,5,3,3,4,3,1,3,52,3,97, , ,1, , ,8,2, ,97, , , ,52,3,C,3, , ,4,3,7, ,2,3,1,100,1,3
465,5,5,5,5,5,4,4,4,5,3,4,4,3,4,4,3,3,2,4,69,1,97, , ,2, , ,3,2, ,97, , , ,51,3,D,3, ,1,4,1,7, ,2,3,1,700,2,3
466,5,4,5,5,5,5,5,5,5,5,5,4,5,4,5,3,4,1,3,52,1,97, , ,2, , ,3,1,7,97, , , ,65,5,B2,4,24,1,4,3,7, ,2,3,3,200, ,3
467,5,5,5,5,4,5,4,5,4,4,4,4,4,4,4,3,3,1,5,57,9,97, , ,1, , ,8,2, ,1, , , ,57,5,B2,5,51,1,4,3,7, ,1,2,1,1100,12,3
468,5,4,5,4,5,4,5,4,4,4,5,4,5,4,5,5,5,1,4,52,3,1, , ,1, , ,9,1,1,1,2, , ,52,4,B2,6,38,1,4,3,2, ,2,2,1,800, ,2
469,5,5,5,5,5,4,3,5,5,5,4,5,3,3,5,2,5, ,3,53,9,97, , ,7, , ,3,2, ,97, , , ,53,5,A2,5,60,1,4,3,7, ,2,2,1,150, ,0
470,4,4,4,4,4,5,4,4,4,4,4,4,4,4,4,3,3,2,3,50,9,97, , ,2, , ,7,2, ,2, , , ,50,4,C,5,54,1,1,3,7, ,2,3,3,500,1,4
471,5,5,5,2,4,4,5,5,5,4,4,3,3,5,4,3,3,13,5,55,2,97, , ,1, , ,7,2, ,97, , , ,53,2,C,7,26,1,5,3,7, ,2,3,1,200,12,4
472,5,5,4,4,4,5,4,4,5,5,5,5,5,5,5,4,5,8,2,52,2,42, , ,4, , ,9,2, ,97, , , ,52,2,D,5,35,1,2,3,2, ,2,3,1,500,9,1
473,5,5,4,5,4,4,5,4,5,4,4,5,4,4,5,4,4,8,4,50,2,9, , ,4, , ,9,2, ,97, , , ,50,4,C,4, , ,3,3,2, ,2,3,1,50,9,1
474,5,4,5,5,5,5,5,5,5,3,4,5,4,5,5,4,2,10,6,68,2,30, , ,2, , ,7,2, ,2, , , ,56,7,A1,8, ,1,6,3,2, ,2,3,1,400,10,1
475,5,4,5,5,5,5,5,5,5,5,5,5,5,5,5,5,5,8,4,68,2,44, , ,2, , ,9,1,2,97, , , ,57,6,B1,4,23,1,4,3,2, ,2,3,1,100,7,1
476,5,5,5,5,4,4, ,5,4,5,4,5,4,4,5,4,5,1,4,68,2,9, , ,1, , ,9,2, ,97, , , ,67,6,A1,5,45,2,6,3,1,2,2,3,1,20,12,1
477,5,5,5,5,5,5,5,5,5,4,5,5,5,5,5,4,4,1,3,68,2,13, , ,M, , ,9,2, ,97, , , ,57,4,C,4, ,1,6,3,13, ,2,3,2,150,2,1
478,5,4,5,4,5,4,5,5,4,4,4,5,5,4,5,1,5,8,2,68,2,47, , ,M, , ,9,2, ,97, , , ,52,4,B2,5,61,2,4,3,2,13,2,3,3,300,12,3
479,5,5,5,5,4,5,5,5,5,5,2,5,5,3,4,1,1,6,4,56,1,9, , ,4, , ,8,2, ,97, , , ,67,7,A1,4,40,2,6,3,1,2,2,3,1,300,8,3
480,5,5,5,5,5,5,4,5,5,5,3,5,5,5,5,2,1,8,6,68,2,30, , ,2, , ,6,2, ,97, , , ,67,7,A1,9,49,2,3,3,2, ,2,3,1, ,12,3
481,5,5,5,5,5,5,5,5,5,5,5,5,4,5,5,5,5,8,3,51,2,97, , ,4, , ,9,2, ,97, , , ,57,4,C,5,41,1,4,1,2, ,2,3,1,200,12,1
482,5,5,5,5,4,4,5,5,5,5,4,5,4,5,5,4,4,8,4,57,2,9, , ,2, , ,9,2, ,97, , , ,65,6,B1,4, ,1,6,1,2, ,2,3,3,500,9,1
483,5,5,5,5,5,5,5,5,5,5,5,5,5,5,5,1,5,8,1,68,1,43, , ,2, , ,8,2, ,97, , , ,65,6,B1,5, ,1,6,3,2, ,2,3,1,100,9,3
484,5,5,5,5,5,5,5,4,5,5,5,5,4,5,5,2,2,1,7,67,1,90,92, ,2, , ,7,2, ,97, , , ,67,7,A1,10,60,2,6,3,2,12,2,3,3,400,1,3
485,4,4,4,4,4,4,4,4,4,4,4,4,4,4,4,2,2,9,1,68,99,97, , ,2,4, ,9,2, ,97, , , ,52,4,B2,3, , ,1,3,2, ,2,3,1,100,9,4
486,4,5,5,5,4,5,4,5,4,5,5,5,5,4,4,1,4,1,3,68,2,7, , ,2, , ,9,2, ,97, , , ,50,6,B2,6,30,2,3,3,2, ,2,3,1,100,10,3
487,5,5,5,5,5,5,5,5,5,5,5,5,5,5,5,5,1,8,4,51,2,9, , ,4, , ,9,2, ,97, , , ,51,4,C,3,23,1,1,3,2, ,2,3,3,400, ,1
488,4,5,5,5,5,4,5,4,5,5,5,5,4,5,5,5,5,8,4,68,2,44, , ,4, , ,9,2, ,97, , , ,57,4,C,5, ,1,4,3,2,13,2,3,3,500,12,1
489,4,4,5,5,5,5,4,5,5,5,5,4,4,5,5,2,4,9,2,68,2,13, , ,4, , ,9,2, ,97, , , ,57,4,C,4,28,2,3,3,2, ,2,3,1,100,12,3
490,4,4,4,5,4,4,4,4,5,4,4,4,4,4,4,2,3,1,6,69,2,11, , ,2, , ,8,2, ,97, , , ,57,6,B1,6,25,2,6,3,2, ,2,3,1,400,8,4
491,5,4,5,5,5,5,4,5,5,5,5,5,2,5,5,4,5,1,7,67,1,14, , ,2, , ,9,2, ,97, , , ,66,6,A2,5,38,1,6,1,2, ,2,3,3,400,12,1
492,5,5,5,5,5,5,5,5,4,5,5,5,5,3,4,1,2, ,4,50,1,97, , ,B, , ,8,2, ,2, , , ,57,6,B1,9,68,1,6,1,13, ,2,2,3,60,13,3
493,5,5,5,5,5,5,5,5,5,4,5,5,5,5,5,1,1,8,5,69,1,51, , ,2, , ,8,2, ,97, , , ,56,7,A1,4,20,2,4,3,2, ,2,3,1,200,8,3
494,5,5,4,5,5,5,5,4,3,4,5,5,5,5,5,5,5,8,6,68,1,19, , ,2, , ,7,2, ,2, , , ,66,7,A2,5,32,2,6,3,2, ,2,3,1,400,9,2
495,5,5,4,5,5,5,5,5,5,4,3,5,5,5,5,1,1,8,4,56,1,93, , ,1, , ,9,2, ,1,2, , ,52,6,A2,5,55,1,6,3,2,13,2,1,3, ,1,3
496,5,5,5,5,4,5,2,5,5,5,5,5,5,5,5,4,3,1,7,69,2,19, , ,A, , ,9,2, ,13, , , ,66,6,A2,4,25,1,3,3,2, ,2,3,1,90,1,0
497,4,5,4,4,4,5,4,4,5,4,5,5,4,4,4,4,5,9,1,68,99,97, , ,4, , ,9,2, ,97, , , ,49,4,D,3, ,1,1,2,2, ,2,3,1,100,10,4
498,4,4,5,5,5,5,2,5,5,4,2,5,2,4,5,2,4,7,6,52,2,30, , ,4, , ,9,1,1,97, , , ,50,4,C,4,23,1,1,3,2, ,2,3,1,60,8,0
499,5,5,4,5,5,5,4,5,5,5,3,4,2,5,5,5,5,8,4,69,1,51, , ,2, , ,7,2, ,97, , , ,54,6,A1,9,38,2,4,3,2,13,2,3,1,20,12,1
500,5,4,4,5,4,4,5,5,5,5,5,5,3,4,4,5,4,8,1,68,99,97, , ,4, , ,9,2, ,97, , , ,51,4,C,4,39,2,1,3,2, ,2,3,1,300,8,1
501,4,4,4,4,4,4,4,4,4,4,4,4,4,4,4,4,4,1,4,69,1,1, , ,2, , ,9,2, ,97, , , ,66,6,A2,7, ,1,6,3,2, ,2,3,1,100,1,4
502,5,5,5,4,5,5,4,5,5,5,5,5,5,3,5,5,1,8,6,68,1,11, , ,2, , ,7,2, ,97, , , ,52,6,A2,4,35,1,6,3,2, ,2,3,1,50,9,1
503,5,5,5,5,5,4,5,4,5,5,5,5,3,5,4,2,1,7,2,68,2,51, , ,Z, , ,8,2, ,97, , , ,57,6,B1,3, ,2,5,3,2, ,2,3,1,250,9,3
504,5,5,5,5,5,5,5,5,5,5,5,5,5,5,5,4,4, ,4,68,2,1, , ,M,B, ,9,2, ,1,2,5, ,51,4,C,3,70,2,4,3,2, ,2,3,1,100,2,1
505,5,4,5,5,5,5,5,5,5,5,5,5,4,5,5,4,4,7,6,57,2,10, , ,A, , ,8,2, ,2, , , ,65,6,B1,4,57,1,6,3,2, ,2,3,3,500,8,1
506,5,5,5,5,5,5,5,5,5,5,5,4,5,5,5,5,5,8,4,68,2,97, , ,4, , ,8,2, ,2, , , ,52,6,A2,4,55,2,4,3,2, ,2,3,2,250,1,1
507,5,5,5,5,5,5,5,3,5,4,4,4,4,5,4,1,4,1,6,57,2,51, , ,4, , ,9,1,1,5, , , ,57,5,B2,7,36,1,3,3,2, ,2,3,1,20,1,3
508,4,5,5,5,4,4,3,4,5,5,5,5,5,5,4,4,4,8,5,69,2,51, , ,2, , ,9,2, ,97, , , ,52,4,B2,4, ,2,3,3,2, ,2,3,1,500,12,0
509,5,5,5,5,5,4,5,5,5,5,5,4,5,5,5,4,5,9,4,68,2,9, , ,2, , ,9,2, ,97, , , ,65,6,B1,4, ,2,4,3,2, ,2,3,1,300,8,1
510,5,5,5,5,5,5,3,4,5,3,3,4,4,4,4,4,4,4,4,50,5,99, , ,4, , ,9,2, ,97, , , ,50,4,C,4,65,1,1,3,14, ,2,3,1,400,4,0
511,5,5,5,5,4,4,3,5,5,2,2,5,3,5,5,3,3,1,6,68,5,30, , ,1, , ,9,2, ,97, , , ,67,6,A1,6,35,2,6,3,14, ,2,3,1,500,1,0
512,5,5,5,5,5,5,2,5,5,5,5,5,4,4,5,4,5,1,5,69,1,99, , ,4, , ,2,2, ,97, , , ,53,5,A2,8,20,2,5,3,14, ,2,3,1,300,12,0
513,5,5,5,5,3,4,2,4,5,5,4,4,3,3, , , ,7,5,49,5,99, , ,4, , ,7,2, ,97, , , ,51,6,B2,6,30,2,5,3,14, ,2,3,3,200,7,0
514,5,5,5,5,5,5,3,5,5,5,5,5,5,5,5,4,3,4,3,68,5,4, , ,4, , ,7,2, ,2,4, , ,57,4,C,4,27,2,4,3,14, ,2,3,1,150,4,1
515,5,5,5,5,4,4,4,5,5,4,5,5,3,5,5,3,4,1,3,50,3,45, , ,4, , ,4,2, ,97, , , ,50,3,D,3,60,1,3,3,5,14,2,3,1,300, ,3
516,5,4,5,5,4,4,3,5,4,5,5,4,3,4,4,3,4,1,3,68,3,97, , ,4, , ,8,2, ,97, , , ,49,3,E1,3,30,2,3,3,5, ,2,3,1,200, ,0
517,5,5,5,5,4,4,4,5,5,5,5,5,5,5,5,5,5,1,6,65,1,30, , ,2, , ,8,2, ,97, , , ,66,6,A2,4,28,2,6,1,14, ,1,3,1,70,13,1
518,5,5,5,5,5,5,5,5,5,5,5,5,5,5,5,5,5,1,3,49,5,99, , ,4, , ,9,2, ,97, , , ,52,3,C,3,19,2,3,1,14, ,2,3,1,300,4,1
519,5,5,5,5,5,4,4,4,4,3,3,4,4,4,5,3,4,1,4,49,5,99, , ,4, , ,9,2, ,97, , , ,52,5,B1,4,20,2,4,3,14, ,2,3,1,200,1,2
520,5,5,4,5,5,4,4,5,3,4,5,5,5,5,4,5,5,1,4,49,3,97, , ,4, , ,9,2, ,97, , , ,57,6,B1,5, , ,4,3,5,14,2,3,1,100,2,2
521,5,5,5,5,5,4,3,5,4,3,5,5,5,5,5,3,5,1,4,53,2,30, , ,4, , ,7,2, ,97, , , ,52,4,B2,5,32,1,1,3,2,12,2,3,1,100,12,0
522,5,5,5,5,5,4,1,5,5,4,5,4,4,4,5,4,5,1,5,69,1,97, , ,4, , ,9,2, ,97, , , ,67,6,A1,5,18,1,4,3,14, ,2,3,1,200,1,0
523,5,5,5,5,5,5,5,4,5,5,4,5,5,5,5,4,4,2,6,49,3,30, , ,4, , ,9,2, ,1,2, , ,67,6,A1,7,54,2,6,3,5, ,2,3,1,200,2,1
524,5,5,5,5,5,5,4,5,5,3,4,5,4,4,4,4,4,7,3,52,5,97, , ,4,6, ,9,2, ,97, , , ,57,4,C,3,30,1,3,3,5, ,2,3,2,50,12,1
525,5,4,5,5,4,4,3,4,5,5,4,5,3,3,5,4,4,1,2,49,1,99, , ,4, , ,9,2, ,97, , , ,54,5,A2,5, ,2,4,3,5, ,2,3,3,500,1,0
526,5,5,5,5,5,5,3,5,5,3,4,4,4,5,5,4,4,1,4,57,5,99, , ,4, , ,9,2, ,97, , , ,57,4,C,4,61,1,3,3,14, ,2,3,1,200,1,1
527,5,5,5,5,5,4,3,5,5,5,5,5,5,2,5,4,5,12,2,49,5,34, , ,4, , ,9,1,2,97, , , ,50,2,E1,3,35,2,2,1,14, ,2,3,1,50, ,0
528,5,5,5,5,5,5,5,5,5,5,5,5,5,5,5,4,3,1,2,49,5,42, , ,4, , ,7,2, ,97, , , ,54,6,A1,5,60,2,5,3,14, ,2,3,2,500,7,1
529,5,5,5,5,5,5,1,5,5,5,5,5,5,5,5,5,5,4,2,49,5,42, , ,4, , ,8,2, ,97, , , ,49,3,E1,3,26,1,3,3,14, ,2,3,1,50,4,0
530,5,5,5,5,5,5,4,5,5,5,5,5,5,5,5,4,5, ,3,68,5,4, , ,4, , ,9,2, ,97, , , ,49,3,E1,3,18,2,3,3,14, ,2,3,1,200,12,1
531,5,5,5,5,5,5,5,5,5,3,4,5,5,5,5,3,5,1,6,66,3,17, , ,4, , ,9,2, ,97, , , ,66,6,A2,6,47,1,4,3,5, ,2,3,1,100,1,3
532,5,5,5,5,5,4,5,5,5,5,5,5,5,5,5,4,5,4,3,68,5,4, , ,4, , ,9,2, ,97, , , ,57,4,C,5,21,2,3,3,14, ,2,3,1,100,4,1
533,5,5,5,5,3,2,2,3,5,3,2,5,2,5,4,1,1,1,1,68,99,99, , ,4, , ,9,2, ,97, , , ,65,6,B1,5,65,2,5,3,14, ,2,3,1,500,4,0
534,5,5,5,5,5,4,3,5, , ,4,5,3,4,5,3, , ,5,57,1,97, , ,4, , ,4,2, ,3, , , ,65,6,B1,6,72,1,3,3,14, ,2,3,3,500,12,0
535,5,5,5,5,4,4,3,5,5,5,4,5,2,5,5,2,4,2,4,68,3,9, , ,4, , ,9,2, ,97, , , ,65,4,C,5, ,1,4,3,5, ,2,3,1,100,2,0
536,5,5,5,5,2,3,1,5,5,4,2,4,2,2,5,2,5,1,4,68,2,18, , ,4, , ,8,2, ,2, , , ,52,6,A2,6,35,2,4,3,2, ,2,3,1,200,1,0
537,4,5,5,3,4,3,3,5,5,4,3,2,2,3,3,1,1,2,3,69,3,18, , ,4, , ,9,2, ,97, , , ,65,6,B1,4,18,1,4,3,5, ,2,3,1,300,2,4
538,5,5,5,5,5,3,4,5,5,4,4,5,4,5,5,5,5,1,4,51,5,99, , ,4, , ,8,2, ,97, , , ,57,5,B2,4,35,2,4,2,5, ,2,3,1,100,2,1
539,5,5,5,5,5,5,5,5,5,5,5,5,5,4,4,4,4,1,3,49,5,18, , ,4, , ,8,2, ,97, , , ,65,5,B2,5,47,1,3,3,14, ,2,3,1,500,2,1
540,5,5,5,3,4,3,2,4,5,4,4,4,4,3,4,2,4,1,3,49,5,99, , ,4, , ,9,2, ,97, , , ,53,4,B1,4,25,2,3,3,14, ,2,3,1,200,12,4
541,5,5,5,5,1,5,2,3,5,5,5,5,5,5,5,4,5,1,3,49,3,4, , ,4, , ,9,2, ,97, , , ,50,3,D,3,28,1,3,3,5, ,2,3,1,200,1,0
542,5,5,5,5,5,5,5,5,5,5,5,5,5,5,5,5,5,1,3,68,3,99, , ,4, , ,9,2, ,2, , , ,50,3,D,4,42,2,3,3,5, ,2,3,2,200,2,1
543,5,5,5,5,5,5,5,5,5,5,5,5,5,5,5,5,5,1,3,49,3,97, , ,4, , ,9,2, ,97, , , ,52,2,D,4,24,2,3,3,5, ,2,3,1,200,2,1
544,4,4,5,5,5,5,3,4,5,4,4,3,4,3,4,3,4,10,3,49,5,99, , ,4, , ,9,2, ,97, , , ,57,4,C,4,28,2,3,3,14, ,2,3,1,100,10,4
545,5,5,5,5,5,5,5,5,5,5,5,5,5,5,5,5,5,1,1,68,99,99, , ,4, , ,9,2, ,1,2, , ,50,2,E1,4,58,2,1,3,5, ,2,3,2,150,2,1
546,5,5,5,5,5,2,2,5,5, ,5,3,5,3,5,5,5,1,4,49,5,18, , ,4, , ,9,2, ,97, , , ,66,6,A2,5,35,2,4,3,14, ,2,3,1,100,12,0
547,5,5,5,5,5,5,4,5,5,5,5,5,5,5,5,5,5,1,2,68,5,33, , ,4, , ,8,2, ,97, , , ,50,2,E1,3,45,2,2,3,14, ,2,3,1,1000, ,1
548,5,5,5,5,5,5,2,5,5,4,4,5,5,4,4,2,5,12,6,67,1,99, , ,4, , ,9,2, ,97, , , ,66,6,A2,4,71,1,4,3,14, ,2,3,1,1000,12,0
549,5,5,5,5,5,5,5,5,5,5,5,5,5,5,5,5,5,10,3,68,2,99, , ,2, , ,9,2, ,97, , , ,50,4,C,3, , ,3,3,2, ,2,3,1,50,10,1
550,5,5,5,5,5,5,5,5,5,5,5,5,5,5,5,5,5,10,6,69,2,11, , ,2, , ,9,2, ,97, , , ,51,1,E2,3, , ,2,2,2, ,2,3,3,300,9,1
551,5,5,5,5,5,5,5,5,5,5,5,5,5,5,5,5,5,8,6,52,2,22, , ,Z, , ,9,2, ,97, , , ,52,6,A2,4,46,1,3,3,2, ,2,3,1,100,8,1
552,5,5,5,5,5,5,5,5,5,5,5,5,5,5,5,5,5,2,1,68,99,99, , ,2, , ,9,2, ,2, , , ,65,4,C,4, , ,1,3,2,3,2,3,1,100,2,1
553,5,5,5,5,5,5,5,5,5,5,5,5,5,5,5,5,5, ,4,90,2,20, , ,2, , ,7,2, ,97, , , ,67,6,A1,5, , ,4,3,3, ,2,3,1,1500,8,1
554,5,5,5,5,5,5,5,5,5,5,5,5,5,5,5,5,5,9,4,68,2,99, , ,2, , ,9,2, ,97, , , ,65,6,B1,6, , ,4,3,2,3,2,3,2,200,9,1
555,5,5,5,5,5,5,5,5,5,5,5,5,5,5,5,5, ,10,3,70,2,99, , ,4, , ,9,2, ,97, , , ,51,3,D,3, , ,3,3,2, ,2,3,2, ,10,1
556,5,5,5,1,5,5,5,5,5,1,5,4,5,5,5,1,4,1,6,68,2,30, , ,Z, , ,9,2, ,2, , , ,57,6,B1,4,35,2,6,3,2,11,2,3,3,200,1,4
557,5,5,5,5,5,5,5,5,5,5,5,5,5,5,5,4,5,1,6,57,1,19, , ,2, , ,7,2, ,97, , , ,57,6,B1,4, , ,6,1,1,2,2,3,3,700,8,1
558,5,5,5,5,5,5,5,5,5,5,5,5,5,5,5,5,5,9,5,70,1,20, , ,2, , ,9,1,5,97, , , ,57,6,B1,3, , ,6,3,2, ,2,3,1,100,8,1
559,5,5,5,4,5,5,5,5,5,5,5,4,5,5,5,5,5,1,5,68,2,21, , ,2, , ,9,2, ,97, , , ,66,6,A2,4, , ,5,3,2,3,2,3,1,100,9,1
560,5,5,5,5,5,5,5,5,5,5,5,5,5,5,5,1,5,2,6,65,1,11, , ,2, , ,7,1,9,2, , , ,65,6,B1,4, , ,6,3,2,5,2,3,1,100,1,3
561,5,5,5,5,5,4,5,5,5,4,5,5,5,4,5,4,5,9,4,68,6,1, , ,2, , ,9,2, ,97, , , ,57,5,B2,4,38,2,3,3,2,3,2,3,1,100,9,1
562,5,5,5,5,5,5,5,5,5,5,5,5,5,5,5,5,5,1,6,67,2,22, , ,1, , ,8,2, ,97, , , ,67,6,A1,7,38,1,6,3,2, ,2,3,1,50,7,1
563,5,5,5,5,5,5,5,5,5,5,5,5,5,5,5,5,5,1,1,68,99,99, , ,2, , ,9,2, ,97, , , ,54,1,C,8, , ,6,3,2, ,2,3,1,200,1,1
564,5,5,5,5,5,5,5,5,5,5,5,5,5,5,5,5,5, ,4,70,2,99, , ,2, , ,7,1,4,97, , , ,66,6,A2,3,58,2,6,1,2, ,2,3,2,250,8,1
565,5,5,5,5,5,5,5,5,5,5,5,5,5,5,5,5,5,9,1,68,99,99, , ,2, , ,9,2, ,97, , , ,51,1,E2,3, , ,1,3,2, ,2,3,2,20,10,1
566,5,5,5,5,5,5,5,5,5,5,5,5,5,5,5,5,5,11,3,68,2,99, , ,Z, , ,9,2, ,99, , , ,52,5,B1,4, , ,3,3,2,13,2,3,2,150,11,1
567,5,5,5,5,5,5,5,5,5,5, , , , , , , ,11,3,68,2,99, , ,2, , ,9,2, ,97, , , ,54,6,A1,5, , ,3,3,2, ,2,3,1,50,11,1
568,5,5,5,5,3,3,5,5,2,5,5,4,5,5,4,4,5,3,4,90,2,21, , ,2, , ,8,2, ,97, , , ,52,6,A2,5, , ,3,3,2, ,2,3,3,200,9,2
569,5,5,5,5,5,5,5,5,5,5,5,5,5,5,5,5,5,8,4,68,2,99, , ,2, , ,8,2, ,2, , , ,55,6,A1,8, , ,4,3,2,4,2,3,3,500,8,1
570,5,5,5,5,5,5,5,5,5,5,5,5,5,5,5,5,5,9,4,68,2,99, , ,Z, , ,9,2, ,97, , , ,49,4,D,3, , ,4,3,2, ,2,3,3,300, ,1
571,3,5,5,5,5,5,5,5,5,5,5,5,4,5,5,4,5,7,6,66,2,99, , ,Z, , ,9,2, ,97, , , ,66,6,A2,3,42,1,3,3,2, ,2,3,2,150,7,1
572,5,5,5,5,5,5,2,5,1,1,3,5,5,4,5,5,5,6,4,65,2,1, , ,2, , ,9,1,2,2, , , ,65,4,C,3,64,1,2,3,2,4,2,3,1,200,2,2
573,5,5,5,5,5,5,5,5,4,4,5,4,4,4,4,5,5,9,6,57,2,22, , ,1, , ,9,1,15,2, , , ,66,6,A2,7, , ,6,1,2, ,2,3,1,200,9,1
574,5,5,5,5,4,5,5,5,5,5,5,5,5,5,4,4,5,10,5,68,6,22, , ,1, , ,9,2, ,2, , , ,57,7,B1,4, , ,5,3,2,3,2,3,1, ,12,1
575,5,5,5,5,5,5,5,5,5,5,5,5,5,5,5,5,5,10,4,52,2,20, , ,4, , ,8,2, ,97, , , ,52,4,B2,3, , ,1,3,2, ,2,3,2,100,10,1
576,5,5,5,5,5,5,5,5,5,5,5,5,5,5,5,5,5,1,4,68,2,99, , ,2, , ,7,2, ,97, , , ,65,6,B1,3,30,2,4,3,2, ,2,3,1,200,8,1
577,5,5,5,5,5,5,5,5,5,5,5,5,5,3,5,5,5, ,3,68,2,99, , ,2, , ,9,2, ,2, , , ,51,4,C,4,45,2,3,3,2,13,2,3,3,200,9,1
578,5,5,5,5,5,5,5,5,5,5,5,5,5,5,5,5,5,11,4,68,2,22, , ,2, , ,8,1,1,97, , , ,54,5,A2,4, , ,4,3,2,13,2,3,1,100,10,1
579,5,5,4,5,5,5,5,5,5,4,5,4,4,4,5,5,5,1,6,54,2,22, , ,5, , ,3,1,2,2,3, , ,54,6,A1,6, , ,6,3,1,2,2,3,1,400,12,1
580,5,5,5,5,5,5,5,5,5,5,5,5,5,5,5,5,5, ,3,71,2,99, , ,2, , ,9,2, ,97, , , ,65,3,C,3,61,1,2,3,2, ,2,3,3,50,12,1
581,5,5,5,4,4,5,5,5,4,5,5,4,4,4,4,5,5,9,4,54,2,99, , ,5,7, ,9,1,5,3, , , ,54,5,A2,5, , ,6,3,2,12,2,3,2,150,8,1
582,5,5,5,5,5,5,5,5,5,5,5,5,5,5,5,5,5,9,6,67,2,21, , ,2, , ,8,1,2,5, , , ,67,6,A1,6, , ,6,3,2,7,2,3,3,50,9,1
583,5,5,4,5,5,5,5,5,5,4,5,4, ,5,5,5,5,10,6,52,2,21, , ,2, , ,9,1,3,2, , , ,52,6,A2,4, , ,6,1,2,13,2,3,1,100,12,1
584,5,5,5,5,5,5,5,5,5,2,5,5,5,5,5,4,5,9,3,70,2,99, , ,2, , ,9,2, ,97, , , ,57,4,C,4, , ,4,1,2, ,2,3,2,50,7,1
585,4,5,5,5,5,5,5,5,5,4, , , , , , , ,11,6,68,2,21, , ,2, , ,7,2, ,97, , , ,51,4,C,5, , ,6,3,2, ,2,3,3,50,11,1
586,5,5,5,5,5,5,5,5,5,5,5,5,1,5,5,1,5,2,6,68,1,20, , ,4, , ,8,2, ,97, , , ,65,6,B1,4, , ,6,3,1,2,2,3,1,1000,1,3
587,5,5,5,5,5,5,5,5,5,5,5,1,4,5,5,5,5,10,6,69,1,99, , ,2, , ,6,2, ,99, , , ,66,6,A2,5, , ,3,3,2, ,2,3,1,50,10,1
588,5,5,5,5,5,5,5,5,5,5,5,5,5,5,5,5,5,1,6,68,1,10, , ,3,6, ,1,2, ,99, , , ,57,5,B2,3,28,1,5,3,9, ,2,3,1,150,2,1
589,5,5,5,5,5,5,5,5,5,5,5,5,5,5,5,5,5,1,2,68,11,99, , ,3,6, ,7,2, ,97, , , ,49,1,E2,4,31,2,2,3,9, ,2,3,1,100,2,1
590,5,5,5,5,5,5,5,5,5,5,5,5,5,5,5,5,5,1,5,68,11,99, , ,1,6, ,4,2, ,97, , , ,50,4,C,3,44,2,5,3,9, ,2,3,1,100,2,1
591,5,5,2,5,3,4,5,5,5, ,5,5,5,5,5,2,2,1,6,65,1,20, , ,1,2, ,8,2, ,99, , , ,65,6,B1,4,44,2,6,1,6, ,2,3,2,50,13,4
592,5,5,4,5,5,5,5,5,5,5,5,5,5,5,5,5,2,2,3,70,11,99, , ,6, , ,4,2, ,99, , , ,52,3,C,3,22,2,3,3,9, ,2,3,1,50,2,1
593,5,5,5,5,5,5,5,5,5,5,5,5,5,5,5,5,5, ,2,70,11,99, , ,6, , ,9,2, ,97, , , ,57,4,C,3,50,2,2,3,9, ,2,3,1,50,12,1
594,4,5,4,4,5,4,4,3,4,4,3,4,4,3,4,4,4,1,4,70,11,99, , ,1,6, ,4,2, ,97, , , ,66,6,A2,4, , ,6,1,9, ,2,1,1,100,2,4
595,5,5,5,5,5,5,5,5,5,5,5,5,5,5,5,5,5,2,6,68,11,30, , ,1,3, ,9,2, ,2,3, , ,57,5,B2,3,74,2,6,3,9, ,2,3,2,200,2,1
596,4,5,4,3,4,5,4,4,5,4,5,5,5,4,4,5,4,1,6,57,11,19, , ,6, , ,5,2, ,97, , , ,67,6,A1,5, , ,6,1,9, ,2,3,1,50,2,4
597,5,5,5,5,5,5,5,5,5,5,5,5,5,5,5,5,5,2,5,49,1,99, , ,3,6, ,9,2, ,97, , , ,50,4,C,4,19,2,4,3,9, ,2,3,1,300,2,1
598,5,5,5,5,5,5,5,5,5,5,5,5,5,5,5,5,5,2,4,68,11,99, , ,1, , ,9,2, ,97, , , ,51,6,B2,4, ,1,4,3,9, ,2,3,1,150,2,1
599,5,5,5,5,5,5,5,5,5,5,5,5,5,5,5,5,5,1,3,68,11,99, , ,1, , ,8,2, ,3, , , ,66,5,B1,3,48,2,3,3,9, ,2,3,1,100,12,1
600,5,5,5,5,5,5,5,5,5,5,5,5,5,5,5,5,5,1,1,68,99,99, , ,6, , ,3,2, ,3, , , ,49,4,D,3,48,2,1,3,6,9,2,3,1,500,1,1
601,4,5,5,5,2,3,4,3,5,3,4,5,4,3,4,3,4,2,5,69,11,17, , ,6, , ,4,2, ,97, , , ,50,4,C,5,20,2,4,3,9, ,2,3,1,300,12,4
602,5,5,5,5,5,5,5,5,5,5,5,5,5,5,5,5,5,2,6,70,1,10, , ,6, , ,7,2, ,97, , , ,52,5,B1,4,36,1,6,3,9, ,2,3,1,25,2,1
603,5,5,5,5,5,5,5,5,5,5,5,3,5,5,5,4,2,2,6,66,11,30, , ,6, , ,9,2, ,97, , , ,67,6,A1,6,62,1,6,3,9, ,2,3,1,500,2,1
604,5,4,4,5,4,5,4,5,4,3,3,4,5,2,3,1,5,9,6,70,1,30, , ,1,6, ,7,2, ,97, , , ,66,6,A2,5,40,1,6,2,6,9,2,3,1,250,9,4
605,5,5,4,5,4,4,3,5,4,5,5,5,5,5,4,5,4,2,6,66,1,17, , ,2,6, ,8,2, ,2, , , ,67,6,A1,6,70,2,6,3,6,9,2,3,1,50,12,0
606,5,5,5,5,5,5,5,5,5,5,5,5,5,5,5,5,4,2,1,68,99,99, , ,6, , ,9,2, ,2,5, , ,49,1,E2,3,50,2,1,3,9, ,2,3,1,50,2,1
607,4,3,4,5,4,4,4,5,4,4,3,4,4,4,4,4,3,1,6,67,11,11, , ,1,6, ,7,1,1,97, , , ,67,6,A1,5, , ,6,1,9, ,2,3,1,50,2,4
608,4,3,3,5,5,3,2,4,4,3,5,4,3,5,3,1,4,2,3,70,11,99, , ,6, , ,8,2, ,97, , , ,65,6,B1,5,69,2,3,3,9, ,2,3,1,100,2,4
609,5,5,5,5,5,5,5,5,5,5,5,5,5,5,5,5,5,2,3,68,1,99, , ,6, , ,9,1,1,97, , , ,52,6,A2,4, ,2,4,3,9, ,2,3,1,500,2,1
610,5,5,5,5,5,5,5,5,5,5,5,5,5,5,5,4,4,2,4,68,1,99, , ,6, , ,8,2, ,99, , , ,66,6,A2,4,50,1,4,3,9, ,2,3,2,100,2,1
611,4,3,4,4,5,4,4,5,3,4,2,4,4,4,4,5,4,1,4,70,11,99, , ,1,6, ,7,2, ,97, , , ,67,7,A1,5, , ,4,3,9, ,2,3,1, ,2,4
612,5,5,5,5,5,5,5,5,5,5,5,5,5,5,5,5,5,1,4,68,11,99, , ,6, , ,9,2, ,97, , , ,66,6,A2,6,46,2,4,3,9, ,2,3,1,500,13,1
613,5,5,5,5,5,5,5,5,5,5,5,5,5,5,5,5,5,2,5,68,1,99, , ,1,6, ,9,2, ,97, , , ,67,6,A1,4,72,1,5,3,9, ,2,3,1,300,2,1
614,5,5,5,5,5,5,5,5,5,5,5,5,5,5,5,5,5,2,6,52,11,10, , ,6, , ,3,1,10,97, , , ,52,6,A2,3, ,1,6,1,9, ,2,3,1,500,2,1
615,5,5,5,5,5,5,5,5,5,5,5,5,5,5,5,4,4,2,1,49,99,99, , ,3,6, ,6,2, ,97, , , ,49,1,E2,3,25,1,2,3,9, ,2,3,3,200,2,1
616,5,5,5,5,5,5,4,5,5,5,5,2,5,5,5,2,5,2,3,70,1,99, , ,6, , ,7,2, ,97, , , ,66,7,A2,5, ,1,6,3,9, ,2,3,2,900,1,3
617,5,5,5,5,5,5,5,5,5,5,5,5,5,5,5,5,5,2,6,70,11,30, , ,1,6, ,9,2, ,3, , , ,51,5,C,3,67,2,6,3,9, ,2,3,1,50,2,1
618,5,5,5,5,5,5,5,5,5,5,5,5,5,5,5,4,5,1,6,57,11,30, , ,6, , ,7,2, ,97, , , ,57,6,B1,4,36,1,4,3,9, ,2,3,1,500,2,1
619,5,4,5,5,5,2,4,4,4,4,4,1,5,5,3,5,1,1,6,70,11,20, , ,3,4,6,8,2, ,97, , , ,57,5,B2,3,39,2,6,3,9, ,2,3,1,300,2,2
620,5,5,5,5,5,5,5,5,5,5,5,5,5,5,5,5,5,2,3,68,10,99, , ,6, , ,9,2, ,97, , , ,66,5,B1,4,43,2,3,3,9, ,2,3,1,300,2,1
621,5,5,5,5,5,5,4,5,5, ,5,5,3,5,5,3, ,1,1,90,99,99, , ,2,6, ,9,2, ,5, , , ,57,4,C,5,58,2,1,3,2,6,2,3,3,1500,1,3
622,4,5,4,4,5,4,5,4,5,4,5,4,5,4,4,4,4,1,4,68,99,99, , ,6, , ,9,2, ,97, , , ,57,6,B1,4,38,2,4,3,9, ,2,3,1,300,2,4
623,5,5,5,5,5,5,5,5,5,5,5,2,5,5,5,5,5,2,5,68,11,99, , ,3,6, ,8,2, ,97, , , ,67,6,A1,5,50,2,5,3,1,9,2,3,1,200,2,1
624,5,5,5,5,4,5,2,4,5,3,5,5,5,5,5,5,5,2,5,52,1,99, , ,3,6, ,7,1,2,97, , , ,52,5,B1,7,30,1,5,3,9, ,2,3,1,100,2,0
625,5,5,5,5,4,5,5,4,5,5,5,5,2,5,5,2,3, ,6,66,11,17, , ,6, , ,9,2, ,97, , , ,56,7,A1,5,65,2,6,3,1,9,2,3,1,500,12,3
626,5,5,2,2,5,4,4,5,5,5,4,5,5,5,5,5,5,1,7,56,1,99, , ,6, , ,4,1,15,2,5, , ,67,7,A1,5,41,1,7,3,9, ,1,3,2,800,1,4
627,5,5,5,5,5,5,5,5,5,5,5,5,5,5,5,5,2,2,7,67,11,21, , ,1, , ,7,2, ,97, , , ,67,7,A1,4,50,1,6,3,9, ,2,3,1,200,12,1
628,5,5,5,5,5,5,5,5,5,5,5,4,5,5,5,4,5,2,4,68,11,99, , ,1,3,6,9,2, ,97, , , ,66,6,A2,4,42,2,4,3,9, ,2,3,1,50,2,1
629,5,5,5,5,5,5,5,5,5,5,5,4,5,5,5,4,4,9,4,68,11,99, , ,3,6, ,8,2, ,97, , , ,57,6,B1,4, ,1,5,3,9, ,2,3,2,300,9,1
